-- --------------------------------------------------------
-- Host:                         161.132.56.179
-- Versión del servidor:         11.5.2-MariaDB - mariadb.org binary distribution
-- SO del servidor:              Win64
-- HeidiSQL Versión:             12.8.0.6908
-- --------------------------------------------------------

/*!40101 SET @OLD_CHARACTER_SET_CLIENT=@@CHARACTER_SET_CLIENT */;
/*!40101 SET NAMES utf8 */;
/*!50503 SET NAMES utf8mb4 */;
/*!40103 SET @OLD_TIME_ZONE=@@TIME_ZONE */;
/*!40103 SET TIME_ZONE='+00:00' */;
/*!40014 SET @OLD_FOREIGN_KEY_CHECKS=@@FOREIGN_KEY_CHECKS, FOREIGN_KEY_CHECKS=0 */;
/*!40101 SET @OLD_SQL_MODE=@@SQL_MODE, SQL_MODE='NO_AUTO_VALUE_ON_ZERO' */;
/*!40111 SET @OLD_SQL_NOTES=@@SQL_NOTES, SQL_NOTES=0 */;


-- Volcando estructura de base de datos para gimnasio
CREATE DATABASE IF NOT EXISTS `gimnasio` /*!40100 DEFAULT CHARACTER SET utf8mb4 COLLATE utf8mb4_unicode_ci */;
USE `gimnasio`;

-- Volcando estructura para tabla gimnasio.asistencias
CREATE TABLE IF NOT EXISTS `asistencias` (
  `id` int(11) NOT NULL AUTO_INCREMENT,
  `usuario_id` int(11) NOT NULL,
  `entrada` datetime NOT NULL,
  `salida` datetime DEFAULT NULL,
  `tipo_entrada` enum('qr','manual') DEFAULT 'manual',
  `creado_por` int(11) NOT NULL,
  `fecha_creacion` timestamp NOT NULL DEFAULT current_timestamp(),
  PRIMARY KEY (`id`),
  KEY `usuario_id` (`usuario_id`),
  KEY `creado_por` (`creado_por`),
  CONSTRAINT `asistencias_ibfk_1` FOREIGN KEY (`usuario_id`) REFERENCES `usuarios` (`id`),
  CONSTRAINT `asistencias_ibfk_2` FOREIGN KEY (`creado_por`) REFERENCES `usuarios` (`id`)
) ENGINE=InnoDB AUTO_INCREMENT=54 DEFAULT CHARSET=utf8mb4 COLLATE=utf8mb4_unicode_ci;

-- Volcando datos para la tabla gimnasio.asistencias: ~45 rows (aproximadamente)
INSERT INTO `asistencias` (`id`, `usuario_id`, `entrada`, `salida`, `tipo_entrada`, `creado_por`, `fecha_creacion`) VALUES
	(1, 5, '2024-01-25 08:00:00', '2024-01-25 09:30:00', 'qr', 1, '2024-10-30 20:03:11'),
	(2, 7, '2024-01-25 09:00:00', '2024-01-25 10:30:00', 'manual', 1, '2024-10-30 20:03:11'),
	(3, 8, '2024-01-25 10:00:00', '2024-01-25 11:30:00', 'qr', 1, '2024-10-30 20:03:11'),
	(4, 9, '2024-12-03 16:00:00', '2024-01-25 17:30:00', 'qr', 1, '2024-10-30 20:03:11'),
	(5, 10, '2024-01-25 17:00:00', '2024-01-25 18:30:00', 'manual', 1, '2024-10-30 20:03:11'),
	(6, 1, '2024-02-01 08:00:00', '2024-02-01 10:00:00', 'manual', 1, '2024-11-13 18:49:03'),
	(7, 2, '2024-02-02 09:00:00', '2024-02-02 11:00:00', 'manual', 1, '2024-11-13 18:49:03'),
	(8, 3, '2024-02-03 15:00:00', '2024-02-03 17:00:00', 'manual', 1, '2024-11-13 18:49:03'),
	(13, 9, '2024-11-27 08:00:00', '2024-02-03 10:00:00', 'manual', 1, '2024-11-14 06:11:13'),
	(14, 10, '2024-11-28 09:00:00', '2024-02-03 11:00:00', 'manual', 1, '2024-11-14 06:11:13'),
	(15, 11, '2024-02-03 10:00:00', '2024-02-03 12:00:00', 'manual', 1, '2024-11-14 06:11:13'),
	(16, 9, '2024-11-03 08:00:00', '2024-02-03 10:00:00', 'manual', 1, '2024-11-14 06:11:37'),
	(17, 10, '2024-02-03 09:00:00', '2024-02-03 11:00:00', 'manual', 1, '2024-11-14 06:11:37'),
	(18, 11, '0000-00-00 00:00:00', '2024-02-03 12:00:00', 'manual', 1, '2024-11-14 06:11:37'),
	(19, 9, '2024-02-03 08:00:00', '2024-02-03 10:00:00', 'manual', 1, '2024-11-14 06:47:59'),
	(20, 14, '2024-02-03 09:00:00', '2024-02-03 11:00:00', 'manual', 1, '2024-11-14 06:47:59'),
	(21, 9, '2024-11-28 00:38:00', '2024-11-28 00:55:00', 'qr', 1, '2024-11-28 05:38:39'),
	(22, 10, '2024-11-12 00:00:00', '2024-11-12 00:00:00', 'manual', 1, '2024-11-14 19:13:15'),
	(23, 11, '2024-11-12 00:00:00', '2024-11-12 00:00:00', 'manual', 1, '2024-11-14 19:13:15'),
	(24, 12, '2024-11-14 00:00:00', '2024-11-14 00:00:00', 'manual', 1, '2024-11-14 19:13:15'),
	(25, 13, '2024-11-14 00:00:00', '2024-11-14 00:00:00', 'manual', 1, '2024-11-14 19:13:15'),
	(26, 14, '2024-11-13 00:00:00', '2024-11-13 00:00:00', 'manual', 1, '2024-11-14 19:13:15'),
	(27, 20, '2024-11-12 00:00:00', '2024-11-12 00:00:00', 'manual', 1, '2024-11-14 19:53:44'),
	(29, 29, '2024-11-13 00:00:00', '2024-11-13 00:00:00', 'manual', 1, '2024-11-14 20:02:15'),
	(30, 32, '2024-11-17 00:00:00', '2024-11-17 00:08:00', 'manual', 1, '2024-11-14 20:07:11'),
	(33, 40, '2024-12-03 01:15:23', NULL, 'manual', 4, '2024-11-18 07:15:23'),
	(34, 46, '2024-11-24 18:37:50', NULL, 'qr', 46, '2024-11-24 23:37:50'),
	(35, 48, '2024-11-24 18:40:00', NULL, 'qr', 48, '2024-11-24 23:40:00'),
	(36, 49, '2024-11-24 18:54:56', NULL, 'qr', 1, '2024-11-24 23:54:56'),
	(37, 56, '2024-11-25 20:15:18', NULL, 'qr', 1, '2024-11-26 01:15:18'),
	(38, 57, '2024-11-26 01:24:09', '2024-11-27 23:01:09', 'qr', 1, '2024-11-26 06:24:09'),
	(39, 58, '2024-11-27 23:05:04', NULL, 'qr', 1, '2024-11-28 04:05:04'),
	(40, 59, '2024-11-27 23:08:21', NULL, 'qr', 1, '2024-11-28 04:08:21'),
	(41, 64, '2024-11-28 00:38:39', '2024-12-02 14:10:41', 'qr', 1, '2024-11-28 05:38:39'),
	(42, 69, '2024-11-28 02:14:05', '2024-11-28 04:50:53', 'qr', 1, '2024-11-28 07:14:05'),
	(43, 69, '2024-11-28 16:51:03', '2024-12-02 13:54:52', 'qr', 1, '2024-11-28 09:51:03'),
	(44, 96, '2024-12-01 08:00:00', '2024-12-01 09:30:00', 'manual', 1, '2024-12-01 13:00:00'),
	(45, 98, '2024-12-01 10:00:00', '2024-12-01 11:30:00', 'manual', 1, '2024-12-01 15:00:00'),
	(46, 69, '2024-12-02 14:00:45', '2024-12-02 14:08:35', 'qr', 1, '2024-12-02 19:00:45'),
	(47, 64, '2024-12-02 14:11:01', NULL, 'qr', 1, '2024-12-02 19:11:01'),
	(48, 99, '2024-12-02 14:27:48', NULL, 'qr', 1, '2024-12-02 19:27:48'),
	(49, 100, '2024-12-02 14:51:09', NULL, 'qr', 1, '2024-12-02 19:51:09'),
	(50, 101, '2024-12-02 14:56:59', NULL, 'qr', 1, '2024-12-02 19:56:59'),
	(51, 102, '2024-12-02 17:14:53', '2024-12-02 17:14:56', 'qr', 1, '2024-12-02 22:14:53'),
	(52, 102, '2024-12-02 17:15:05', NULL, 'qr', 1, '2024-12-02 22:15:05'),
	(53, 103, '2024-12-03 17:24:43', '2024-12-06 22:27:10', 'qr', 1, '2024-12-03 22:24:43');

-- Volcando estructura para tabla gimnasio.citas
CREATE TABLE IF NOT EXISTS `citas` (
  `id` int(11) NOT NULL AUTO_INCREMENT,
  `usuario_id` int(11) NOT NULL,
  `entrenador_id` int(11) NOT NULL,
  `fecha` date NOT NULL,
  `hora_inicio` time NOT NULL,
  `hora_fin` time NOT NULL,
  `estado` enum('programada','completada','cancelada','no_asistio') DEFAULT 'programada',
  `notas` text DEFAULT NULL,
  `fecha_creacion` timestamp NOT NULL DEFAULT current_timestamp(),
  PRIMARY KEY (`id`),
  KEY `usuario_id` (`usuario_id`),
  KEY `entrenador_id` (`entrenador_id`),
  CONSTRAINT `citas_ibfk_1` FOREIGN KEY (`usuario_id`) REFERENCES `usuarios` (`id`),
  CONSTRAINT `citas_ibfk_2` FOREIGN KEY (`entrenador_id`) REFERENCES `usuarios` (`id`)
) ENGINE=InnoDB AUTO_INCREMENT=12 DEFAULT CHARSET=utf8mb4 COLLATE=utf8mb4_unicode_ci;

-- Volcando datos para la tabla gimnasio.citas: ~10 rows (aproximadamente)
INSERT INTO `citas` (`id`, `usuario_id`, `entrenador_id`, `fecha`, `hora_inicio`, `hora_fin`, `estado`, `notas`, `fecha_creacion`) VALUES
	(1, 6, 3, '2024-01-25', '09:00:00', '10:00:00', 'programada', 'Primera evaluación', '2024-10-30 20:03:11'),
	(2, 7, 3, '2024-01-25', '10:00:00', '11:00:00', 'programada', 'Evaluación inicial', '2024-10-30 20:03:11'),
	(3, 8, 4, '2024-01-25', '11:00:00', '11:45:00', 'programada', 'Consulta nutrición', '2024-10-30 20:03:11'),
	(4, 9, 4, '2024-01-25', '12:00:00', '12:30:00', 'cancelada', 'Seguimiento mensual', '2024-10-30 20:03:11'),
	(5, 10, 5, '2024-01-25', '13:00:00', '13:20:00', 'programada', 'Control de medidas', '2024-10-30 20:03:11'),
	(7, 9, 6, '2024-11-28', '10:00:00', '10:30:00', 'programada', 'Opción 1', '2024-11-28 08:34:21'),
	(8, 11, 4, '2024-12-06', '10:30:00', '11:00:00', 'cancelada', 'Opción 1', '2024-12-03 17:01:10'),
	(9, 11, 4, '2024-12-08', '10:30:00', '11:00:00', 'cancelada', 'Opción 1', '2024-12-03 17:09:45'),
	(10, 11, 4, '2024-12-09', '12:00:00', '12:30:00', 'programada', 'Opción 1', '2024-12-03 22:36:58'),
	(11, 11, 20, '2024-12-17', '15:00:00', '15:30:00', 'programada', 'Opción 1', '2024-12-06 23:21:09');

-- Volcando estructura para tabla gimnasio.diasejercicio
CREATE TABLE IF NOT EXISTS `diasejercicio` (
  `id` int(11) NOT NULL AUTO_INCREMENT,
  `plan_id` int(11) NOT NULL,
  `dia_semana` enum('lunes','martes','miercoles','jueves','viernes','sabado','domingo') DEFAULT NULL,
  `nombre` varchar(100) DEFAULT NULL,
  `notas` text DEFAULT NULL,
  PRIMARY KEY (`id`),
  KEY `plan_id` (`plan_id`),
  CONSTRAINT `diasejercicio_ibfk_1` FOREIGN KEY (`plan_id`) REFERENCES `planesejercicio` (`id`)
) ENGINE=InnoDB AUTO_INCREMENT=10 DEFAULT CHARSET=utf8mb4 COLLATE=utf8mb4_unicode_ci;

-- Volcando datos para la tabla gimnasio.diasejercicio: ~9 rows (aproximadamente)
INSERT INTO `diasejercicio` (`id`, `plan_id`, `dia_semana`, `nombre`, `notas`) VALUES
	(1, 1, 'lunes', 'Pecho y Tríceps', 'Enfoque en parte superior'),
	(2, 1, 'miercoles', 'Espalda y Bíceps', 'Enfoque en tracción'),
	(3, 1, 'viernes', 'Piernas', 'Día de piernas completo'),
	(4, 2, 'lunes', 'Push', 'Empujes'),
	(5, 2, 'martes', 'Pull', 'Jalones'),
	(6, 2, 'jueves', 'Legs', 'Piernas'),
	(7, 3, 'lunes', 'Full Body A', 'Rutina completa A'),
	(8, 3, 'miercoles', 'Full Body B', 'Rutina completa B'),
	(9, 3, 'viernes', 'Full Body C', 'Rutina completa C');

-- Volcando estructura para tabla gimnasio.ejerciciosdia
CREATE TABLE IF NOT EXISTS `ejerciciosdia` (
  `id` int(11) NOT NULL AUTO_INCREMENT,
  `dia_id` int(11) NOT NULL,
  `ejercicio_id` int(11) NOT NULL,
  `series` int(11) DEFAULT NULL,
  `repeticiones` int(11) DEFAULT NULL,
  `peso` decimal(5,2) DEFAULT NULL,
  `tiempo_descanso` int(11) DEFAULT NULL,
  `notas` text DEFAULT NULL,
  `orden_secuencia` int(11) NOT NULL,
  PRIMARY KEY (`id`),
  KEY `dia_id` (`dia_id`),
  KEY `ejercicio_id` (`ejercicio_id`),
  CONSTRAINT `ejerciciosdia_ibfk_1` FOREIGN KEY (`dia_id`) REFERENCES `diasejercicio` (`id`),
  CONSTRAINT `ejerciciosdia_ibfk_2` FOREIGN KEY (`ejercicio_id`) REFERENCES `ejercicios_no` (`id`)
) ENGINE=InnoDB AUTO_INCREMENT=6 DEFAULT CHARSET=utf8mb4 COLLATE=utf8mb4_unicode_ci;

-- Volcando datos para la tabla gimnasio.ejerciciosdia: ~5 rows (aproximadamente)
INSERT INTO `ejerciciosdia` (`id`, `dia_id`, `ejercicio_id`, `series`, `repeticiones`, `peso`, `tiempo_descanso`, `notas`, `orden_secuencia`) VALUES
	(1, 1, 1, 4, 12, 50.00, 90, NULL, 1),
	(2, 1, 8, 3, 12, 0.00, 60, NULL, 2),
	(3, 2, 3, 4, 10, 80.00, 120, NULL, 1),
	(4, 2, 4, 3, 15, 15.00, 60, NULL, 2),
	(5, 3, 2, 4, 12, 70.00, 120, NULL, 1);

-- Volcando estructura para tabla gimnasio.ejerciciossesion_no
CREATE TABLE IF NOT EXISTS `ejerciciossesion_no` (
  `id` int(11) NOT NULL AUTO_INCREMENT,
  `sesion_id` int(11) NOT NULL,
  `ejercicio_id` int(11) NOT NULL,
  `series_completadas` int(11) DEFAULT NULL,
  `repeticiones_completadas` int(11) DEFAULT NULL,
  `peso_usado` decimal(5,2) DEFAULT NULL,
  `notas` text DEFAULT NULL,
  `fecha_creacion` timestamp NOT NULL DEFAULT current_timestamp(),
  PRIMARY KEY (`id`),
  KEY `sesion_id` (`sesion_id`),
  KEY `ejercicio_id` (`ejercicio_id`),
  CONSTRAINT `ejerciciossesion_no_ibfk_1` FOREIGN KEY (`sesion_id`) REFERENCES `sesionesentrenamiento_no` (`id`),
  CONSTRAINT `ejerciciossesion_no_ibfk_2` FOREIGN KEY (`ejercicio_id`) REFERENCES `ejercicios_no` (`id`)
) ENGINE=InnoDB AUTO_INCREMENT=6 DEFAULT CHARSET=utf8mb4 COLLATE=utf8mb4_unicode_ci;

-- Volcando datos para la tabla gimnasio.ejerciciossesion_no: ~5 rows (aproximadamente)
INSERT INTO `ejerciciossesion_no` (`id`, `sesion_id`, `ejercicio_id`, `series_completadas`, `repeticiones_completadas`, `peso_usado`, `notas`, `fecha_creacion`) VALUES
	(1, 1, 1, 4, 12, 45.00, 'Peso inicial conservador', '2024-10-30 20:03:11'),
	(2, 1, 2, 3, 12, 60.00, 'Buena forma', '2024-10-30 20:03:11'),
	(3, 2, 3, 4, 10, 100.00, 'Peso máximo alcanzado', '2024-10-30 20:03:11'),
	(4, 2, 4, 3, 15, 20.00, 'Aumentar peso próxima sesión', '2024-10-30 20:03:11'),
	(5, 3, 5, 3, 60, 0.00, 'Tiempo en segundos', '2024-10-30 20:03:11');

-- Volcando estructura para tabla gimnasio.ejercicios_realizados
CREATE TABLE IF NOT EXISTS `ejercicios_realizados` (
  `id` int(11) NOT NULL AUTO_INCREMENT,
  `usuario_id` int(11) NOT NULL,
  `plan_ejercicio_id` int(11) NOT NULL,
  `fecha_realizado` date NOT NULL,
  `dia_semana` varchar(20) NOT NULL,
  `ejercicio_nombre` varchar(255) NOT NULL,
  `series_completadas` int(11) DEFAULT NULL,
  `repeticiones_completadas` int(11) DEFAULT NULL,
  `peso_usado` varchar(50) DEFAULT NULL,
  `completado` tinyint(1) DEFAULT 0,
  `observaciones` text DEFAULT NULL,
  PRIMARY KEY (`id`),
  KEY `usuario_id` (`usuario_id`),
  KEY `plan_ejercicio_id` (`plan_ejercicio_id`),
  CONSTRAINT `ejercicios_realizados_ibfk_1` FOREIGN KEY (`usuario_id`) REFERENCES `usuarios` (`id`),
  CONSTRAINT `ejercicios_realizados_ibfk_2` FOREIGN KEY (`plan_ejercicio_id`) REFERENCES `planes_ejercicio_ia` (`id`)
) ENGINE=InnoDB AUTO_INCREMENT=30 DEFAULT CHARSET=utf8mb4 COLLATE=utf8mb4_unicode_ci;

-- Volcando datos para la tabla gimnasio.ejercicios_realizados: ~22 rows (aproximadamente)
INSERT INTO `ejercicios_realizados` (`id`, `usuario_id`, `plan_ejercicio_id`, `fecha_realizado`, `dia_semana`, `ejercicio_nombre`, `series_completadas`, `repeticiones_completadas`, `peso_usado`, `completado`, `observaciones`) VALUES
	(1, 40, 8, '2024-11-18', 'lunes', 'Press de Banca', 4, 12, '40 kg', 1, 'a'),
	(2, 40, 8, '2024-11-18', 'lunes', 'Dominadas', 3, 10, 'Peso corporal', 1, 'e'),
	(7, 64, 12, '2024-11-28', 'jueves', 'Pull-Ups', 3, 8, 'Peso corporal', 1, ''),
	(8, 64, 12, '2024-11-28', 'jueves', 'Remo con barra', 4, 10, '50 kg', 1, ''),
	(9, 64, 12, '2024-11-28', 'jueves', 'Press Francés', 3, 12, '20 kg', 1, ''),
	(10, 69, 14, '2024-12-02', 'lunes', 'Sentadillas', 4, 12, '50 kg', 1, 'nada'),
	(11, 69, 14, '2024-12-02', 'lunes', 'Press de Banca', 3, 10, '40 kg', 1, 'nada'),
	(12, 69, 14, '2024-12-02', 'lunes', 'Dominadas', 3, 8, 'Cuerpo', 1, 'nada'),
	(13, 64, 12, '2024-12-02', 'lunes', 'Press de Banca', 3, 12, '50 kg', 1, ''),
	(14, 64, 12, '2024-12-02', 'lunes', 'Sentadillas', 4, 10, '60 kg', 1, ''),
	(15, 64, 12, '2024-12-02', 'lunes', 'Dominadas', 3, 8, 'Peso corporal', 1, ''),
	(16, 64, 12, '2024-12-02', 'lunes', 'Fondos en paralelas', 3, 10, 'Peso corporal', 1, ''),
	(17, 99, 16, '2024-12-02', 'lunes', 'Sentadillas', 4, 12, '60 kg', 1, ''),
	(18, 99, 16, '2024-12-02', 'lunes', 'Press de Banca', 4, 12, '50 kg', 1, ''),
	(19, 99, 16, '2024-12-02', 'lunes', 'Dominadas', 4, 10, 'Peso corporal', 1, ''),
	(20, 101, 17, '2024-12-02', 'lunes', 'Sentadillas', 4, 12, '60 kg', 1, ''),
	(21, 101, 17, '2024-12-02', 'lunes', 'Press de Banca', 4, 12, '50 kg', 1, ''),
	(22, 101, 17, '2024-12-02', 'lunes', 'Dominadas', 3, 10, 'Peso corporal', 1, ''),
	(23, 101, 17, '2024-12-02', 'lunes', 'Fondos en paralelas', 3, 10, 'Peso corporal', 1, ''),
	(24, 102, 18, '2024-12-02', 'lunes', 'Press de Banca', 3, 12, '50 kg', 1, ''),
	(25, 102, 18, '2024-12-02', 'lunes', 'Sentadillas', 3, 12, '60 kg', 1, ''),
	(26, 102, 18, '2024-12-02', 'lunes', 'Dominadas', 3, 10, 'Peso corporal', 1, ''),
	(27, 102, 18, '2024-12-02', 'lunes', 'Fondos en paralelas', 3, 10, 'Peso corporal', 1, ''),
	(28, 103, 19, '2024-12-03', 'martes', 'Peso Muerto', 3, 8, '70 kg', 1, ''),
	(29, 103, 19, '2024-12-03', 'martes', 'Fondos en Paralelas', 3, 10, 'Peso corporal', 1, '');

-- Volcando estructura para tabla gimnasio.mediciones
CREATE TABLE IF NOT EXISTS `mediciones` (
  `id` int(11) NOT NULL AUTO_INCREMENT,
  `usuario_id` int(11) NOT NULL,
  `peso` decimal(5,2) DEFAULT NULL,
  `altura` decimal(5,2) DEFAULT NULL,
  `grasa_corporal` decimal(4,2) DEFAULT NULL,
  `cuello` decimal(4,1) DEFAULT NULL,
  `pecho` decimal(4,1) DEFAULT NULL,
  `biceps` decimal(4,1) DEFAULT NULL,
  `cintura` decimal(4,1) DEFAULT NULL,
  `cadera` decimal(4,1) DEFAULT NULL,
  `muslos` decimal(4,1) DEFAULT NULL,
  `pantorrillas` decimal(4,1) DEFAULT NULL,
  `medido_por` int(11) NOT NULL,
  `fecha_medicion` date NOT NULL,
  `notas` text DEFAULT NULL,
  `fecha_creacion` timestamp NOT NULL DEFAULT current_timestamp(),
  PRIMARY KEY (`id`),
  KEY `usuario_id` (`usuario_id`),
  KEY `medido_por` (`medido_por`),
  CONSTRAINT `mediciones_ibfk_1` FOREIGN KEY (`usuario_id`) REFERENCES `usuarios` (`id`),
  CONSTRAINT `mediciones_ibfk_2` FOREIGN KEY (`medido_por`) REFERENCES `usuarios` (`id`)
) ENGINE=InnoDB AUTO_INCREMENT=20 DEFAULT CHARSET=utf8mb4 COLLATE=utf8mb4_unicode_ci;

-- Volcando datos para la tabla gimnasio.mediciones: ~17 rows (aproximadamente)
INSERT INTO `mediciones` (`id`, `usuario_id`, `peso`, `altura`, `grasa_corporal`, `cuello`, `pecho`, `biceps`, `cintura`, `cadera`, `muslos`, `pantorrillas`, `medido_por`, `fecha_medicion`, `notas`, `fecha_creacion`) VALUES
	(1, 6, 70.50, 1.70, 22.50, 35.0, 95.0, 32.0, 80.0, 98.0, 55.0, 37.0, 3, '2024-01-25', 'Medición inicial', '2024-10-30 20:03:11'),
	(2, 7, 80.20, 1.80, 18.50, 38.0, 100.0, 35.0, 85.0, 100.0, 58.0, 39.0, 3, '2024-01-25', 'Medición inicial', '2024-10-30 20:03:11'),
	(3, 8, 65.30, 1.65, 24.00, 33.0, 90.0, 30.0, 75.0, 95.0, 52.0, 35.0, 4, '2024-01-25', 'Medición inicial', '2024-10-30 20:03:11'),
	(4, 9, 75.40, 1.75, 35.00, 36.0, 98.0, 33.0, 82.0, 99.0, 56.0, 38.0, 4, '2024-01-25', 'Medición inicial', '2024-10-30 20:03:11'),
	(5, 10, 60.80, 1.60, 25.50, 32.0, 88.0, 29.0, 73.0, 94.0, 51.0, 34.0, 5, '2024-01-25', 'Medición inicial', '2024-10-30 20:03:11'),
	(6, 9, 67.00, 1.76, 30.00, 36.0, 89.0, 32.0, 85.0, 98.0, 45.0, 37.0, 4, '2024-11-16', 'se esta demostrando una mejora', '2024-11-17 00:56:24'),
	(7, 12, 78.00, 1.76, 32.00, 23.0, 32.0, 32.0, 32.0, 32.0, 32.0, 32.0, 4, '2024-11-16', 'nivel normal', '2024-11-17 04:15:06'),
	(10, 40, 75.50, 175.00, 18.50, 38.0, 95.0, 35.0, 85.0, 95.0, 55.0, 38.0, 4, '2024-11-18', NULL, '2024-11-18 07:15:23'),
	(11, 9, 71.00, 1.75, 32.00, 35.0, 95.0, 32.0, 80.0, 98.0, 55.0, 37.0, 4, '2024-05-28', 'medicion inicial', '2024-11-28 06:51:30'),
	(12, 9, 73.00, 1.75, 33.00, 12.0, 14.0, 23.0, 55.0, 87.0, 76.0, 34.0, 50, '2023-03-28', NULL, '2024-11-28 18:03:25'),
	(13, 69, 75.50, 1.75, 18.00, 38.0, 95.0, 35.0, 82.0, 98.0, 58.0, 37.0, 4, '2024-12-02', 'nada', '2024-12-02 18:58:51'),
	(14, 64, 75.50, 1.75, 18.00, 38.0, 95.0, 35.0, 82.0, 98.0, 58.0, 37.0, 4, '2024-12-02', 'nada', '2024-12-02 19:19:05'),
	(15, 99, 75.50, 1.75, 18.00, 38.0, 95.0, 35.0, 82.0, 98.0, 58.0, 37.0, 4, '2024-12-02', 'nada', '2024-12-02 19:30:52'),
	(16, 101, 75.00, 1.75, 18.00, 38.0, 95.0, 35.0, 82.0, 98.0, 58.0, 37.0, 4, '2024-12-02', 'nada', '2024-12-02 20:22:30'),
	(17, 102, 75.50, 1.75, 18.00, 38.0, 95.0, 35.0, 82.0, 98.0, 58.0, 37.0, 4, '2024-12-02', 'ninguno', '2024-12-02 22:22:57'),
	(18, 32, 75.00, 1.75, 18.00, 38.0, 95.0, 35.0, 82.0, 98.0, 58.0, 37.0, 4, '2024-12-03', 'ninguna', '2024-12-03 18:49:58'),
	(19, 103, 75.50, 1.75, 18.00, 38.0, 95.0, 35.0, 82.0, 98.0, 58.0, 37.0, 4, '2024-12-03', 'ninguna', '2024-12-03 22:27:13');

-- Volcando estructura para tabla gimnasio.membresias
CREATE TABLE IF NOT EXISTS `membresias` (
  `id` int(11) NOT NULL AUTO_INCREMENT,
  `usuario_id` int(11) NOT NULL,
  `tipo_membresia_id` int(11) NOT NULL,
  `fecha_inicio` date NOT NULL,
  `fecha_fin` date NOT NULL,
  `estado` enum('activa','vencida','cancelada') DEFAULT 'activa',
  `fecha_creacion` timestamp NOT NULL DEFAULT current_timestamp(),
  PRIMARY KEY (`id`),
  KEY `usuario_id` (`usuario_id`),
  KEY `tipo_membresia_id` (`tipo_membresia_id`),
  CONSTRAINT `membresias_ibfk_1` FOREIGN KEY (`usuario_id`) REFERENCES `usuarios` (`id`),
  CONSTRAINT `membresias_ibfk_2` FOREIGN KEY (`tipo_membresia_id`) REFERENCES `tiposmembresia` (`id`)
) ENGINE=InnoDB AUTO_INCREMENT=68 DEFAULT CHARSET=utf8mb4 COLLATE=utf8mb4_unicode_ci;

-- Volcando datos para la tabla gimnasio.membresias: ~55 rows (aproximadamente)
INSERT INTO `membresias` (`id`, `usuario_id`, `tipo_membresia_id`, `fecha_inicio`, `fecha_fin`, `estado`, `fecha_creacion`) VALUES
	(1, 6, 1, '2024-01-01', '2024-01-31', 'activa', '2024-10-30 20:03:11'),
	(2, 7, 3, '2024-01-15', '2024-02-14', 'activa', '2024-10-30 20:03:11'),
	(3, 8, 2, '2024-01-10', '2024-04-09', 'activa', '2024-10-30 20:03:11'),
	(4, 9, 4, '2024-02-01', '2024-03-01', 'activa', '2024-10-30 20:03:11'),
	(5, 10, 5, '2024-01-20', '2024-02-19', 'activa', '2024-10-30 20:03:11'),
	(6, 11, 1, '2024-01-05', '2024-02-04', 'activa', '2024-10-30 20:03:11'),
	(7, 12, 2, '2024-01-15', '2024-04-14', 'activa', '2024-10-30 20:03:11'),
	(8, 13, 3, '2024-01-10', '2024-02-09', 'activa', '2024-10-30 20:03:11'),
	(9, 14, 4, '2024-02-01', '2024-03-01', 'activa', '2024-10-30 20:03:11'),
	(10, 15, 5, '2024-01-20', '2024-02-19', 'activa', '2024-10-30 20:03:11'),
	(11, 1, 1, '2024-02-01', '2024-03-01', 'activa', '2024-11-13 18:49:03'),
	(12, 2, 1, '2024-02-01', '2024-03-01', 'activa', '2024-11-13 18:49:03'),
	(13, 3, 2, '2024-02-01', '2024-05-01', 'activa', '2024-11-13 18:49:03'),
	(24, 12, 1, '2024-02-01', '2024-03-01', 'activa', '2024-11-14 06:11:13'),
	(25, 13, 1, '2024-02-01', '2024-03-01', 'activa', '2024-11-14 06:11:13'),
	(26, 14, 1, '2024-02-01', '2024-03-01', 'activa', '2024-11-14 06:11:13'),
	(27, 15, 1, '2024-02-01', '2024-03-01', 'activa', '2024-11-14 06:11:13'),
	(28, 12, 1, '2024-02-01', '2024-03-01', 'activa', '2024-11-14 06:11:37'),
	(29, 13, 1, '2024-02-01', '2024-03-01', 'activa', '2024-11-14 06:11:37'),
	(30, 14, 1, '2024-02-01', '2024-03-01', 'activa', '2024-11-14 06:11:37'),
	(31, 15, 1, '2024-02-01', '2024-03-01', 'activa', '2024-11-14 06:11:37'),
	(32, 20, 1, '2024-11-14', '2024-12-14', 'activa', '2024-11-14 19:53:44'),
	(34, 29, 1, '2024-11-14', '2024-12-14', 'activa', '2024-11-14 20:02:15'),
	(35, 30, 1, '2024-11-14', '2024-12-14', 'activa', '2024-11-14 20:07:11'),
	(36, 32, 1, '2024-10-20', '2024-11-19', 'activa', '2024-11-16 05:46:26'),
	(37, 35, 1, '2024-11-16', '2024-12-16', 'activa', '2024-11-16 06:46:50'),
	(38, 40, 1, '2024-11-18', '2024-12-18', 'activa', '2024-11-18 07:15:23'),
	(39, 41, 2, '2024-11-24', '2024-12-24', 'activa', '2024-11-24 23:15:17'),
	(40, 44, 2, '2024-11-24', '2024-12-24', 'activa', '2024-11-24 23:25:17'),
	(41, 45, 2, '2024-11-24', '2024-12-24', 'activa', '2024-11-24 23:28:11'),
	(42, 46, 3, '2024-11-24', '2024-12-24', 'activa', '2024-11-24 23:36:22'),
	(43, 48, 4, '2024-11-24', '2024-12-24', 'activa', '2024-11-24 23:39:06'),
	(44, 49, 4, '2024-11-24', '2024-12-24', 'activa', '2024-11-24 23:53:11'),
	(45, 50, 2, '2024-11-24', '2024-12-24', 'activa', '2024-11-25 04:47:29'),
	(46, 51, 4, '2024-11-25', '2024-12-25', 'activa', '2024-11-25 05:04:01'),
	(47, 52, 2, '2024-11-25', '2024-12-25', 'activa', '2024-11-25 05:16:15'),
	(48, 53, 4, '2024-11-25', '2024-12-25', 'activa', '2024-11-25 05:24:17'),
	(49, 54, 2, '2024-11-25', '2024-12-25', 'activa', '2024-11-25 22:40:12'),
	(50, 56, 3, '2024-11-25', '2024-12-25', 'activa', '2024-11-26 01:10:00'),
	(51, 57, 2, '2024-11-26', '2024-12-26', 'activa', '2024-11-26 06:23:00'),
	(52, 58, 3, '2024-11-27', '2024-12-27', 'activa', '2024-11-28 04:03:30'),
	(53, 59, 1, '2024-11-27', '2024-12-27', 'activa', '2024-11-28 04:07:38'),
	(54, 60, 1, '2024-11-27', '2024-12-27', 'activa', '2024-11-28 04:15:49'),
	(55, 61, 1, '2024-11-27', '2024-12-27', 'activa', '2024-11-28 04:25:03'),
	(56, 62, 1, '2024-11-27', '2024-12-27', 'activa', '2024-11-28 04:30:07'),
	(57, 63, 1, '2024-11-27', '2024-12-27', 'activa', '2024-11-28 04:46:21'),
	(58, 64, 1, '2024-11-28', '2024-12-28', 'activa', '2024-11-28 05:33:18'),
	(59, 69, 1, '2024-11-28', '2024-12-28', 'activa', '2024-11-28 07:12:43'),
	(60, 96, 1, '2024-11-04', '2024-12-04', 'activa', '2024-12-02 16:52:51'),
	(61, 98, 1, '2024-11-04', '2024-12-04', 'activa', '2024-12-02 16:55:47'),
	(62, 99, 2, '2024-12-02', '2025-01-01', 'activa', '2024-12-02 19:27:19'),
	(63, 100, 2, '2024-12-02', '2025-01-01', 'activa', '2024-12-02 19:47:09'),
	(64, 101, 2, '2024-12-02', '2025-01-01', 'activa', '2024-12-02 19:53:43'),
	(65, 102, 2, '2024-12-02', '2025-01-01', 'activa', '2024-12-02 22:12:50'),
	(66, 103, 1, '2024-12-03', '2025-01-02', 'activa', '2024-12-03 22:22:38'),
	(67, 104, 1, '2024-12-06', '2025-01-05', 'activa', '2024-12-07 03:23:49');

-- Volcando estructura para tabla gimnasio.notificaciones_inasistencia
CREATE TABLE IF NOT EXISTS `notificaciones_inasistencia` (
  `id` int(11) NOT NULL AUTO_INCREMENT,
  `usuario_id` int(11) NOT NULL,
  `fecha_inasistencia` date NOT NULL,
  `fecha_notificacion` timestamp NOT NULL DEFAULT current_timestamp(),
  PRIMARY KEY (`id`),
  KEY `usuario_id` (`usuario_id`),
  CONSTRAINT `notificaciones_inasistencia_ibfk_1` FOREIGN KEY (`usuario_id`) REFERENCES `usuarios` (`id`)
) ENGINE=InnoDB AUTO_INCREMENT=10 DEFAULT CHARSET=utf8mb4 COLLATE=utf8mb4_unicode_ci;

-- Volcando datos para la tabla gimnasio.notificaciones_inasistencia: ~7 rows (aproximadamente)
INSERT INTO `notificaciones_inasistencia` (`id`, `usuario_id`, `fecha_inasistencia`, `fecha_notificacion`) VALUES
	(2, 14, '2024-11-13', '2024-11-14 19:51:52'),
	(3, 29, '2024-11-13', '2024-11-14 20:03:18'),
	(4, 30, '2024-11-13', '2024-11-14 20:07:45'),
	(5, 59, '2024-11-27', '2024-11-28 20:30:47'),
	(6, 58, '2024-11-27', '2024-11-28 20:39:05'),
	(7, 96, '2024-12-01', '2024-12-02 20:20:12'),
	(8, 98, '2024-12-01', '2024-12-02 22:55:24'),
	(9, 101, '2024-12-02', '2024-12-03 22:32:20');

-- Volcando estructura para tabla gimnasio.notificaciones_medidas
CREATE TABLE IF NOT EXISTS `notificaciones_medidas` (
  `id` int(11) NOT NULL AUTO_INCREMENT,
  `usuario_id` int(11) NOT NULL,
  `fecha_notificacion` timestamp NOT NULL DEFAULT current_timestamp(),
  PRIMARY KEY (`id`),
  KEY `usuario_id` (`usuario_id`),
  CONSTRAINT `notificaciones_medidas_ibfk_1` FOREIGN KEY (`usuario_id`) REFERENCES `usuarios` (`id`)
) ENGINE=InnoDB AUTO_INCREMENT=8 DEFAULT CHARSET=utf8mb4 COLLATE=utf8mb4_unicode_ci;

-- Volcando datos para la tabla gimnasio.notificaciones_medidas: ~5 rows (aproximadamente)
INSERT INTO `notificaciones_medidas` (`id`, `usuario_id`, `fecha_notificacion`) VALUES
	(1, 9, '2024-11-16 05:29:30'),
	(2, 32, '2024-11-28 20:41:23'),
	(3, 53, '2024-11-28 20:44:38'),
	(4, 59, '2024-12-02 16:49:17'),
	(5, 41, '2024-12-02 22:54:59'),
	(6, 98, '2024-12-02 22:58:41'),
	(7, 98, '2024-12-03 22:33:11');

-- Volcando estructura para tabla gimnasio.notificaciones_membresia
CREATE TABLE IF NOT EXISTS `notificaciones_membresia` (
  `id` int(11) NOT NULL AUTO_INCREMENT,
  `usuario_id` int(11) NOT NULL,
  `fecha_notificacion` timestamp NOT NULL DEFAULT current_timestamp(),
  PRIMARY KEY (`id`),
  KEY `usuario_id` (`usuario_id`),
  CONSTRAINT `notificaciones_membresia_ibfk_1` FOREIGN KEY (`usuario_id`) REFERENCES `usuarios` (`id`)
) ENGINE=InnoDB AUTO_INCREMENT=3 DEFAULT CHARSET=utf8mb4 COLLATE=utf8mb4_unicode_ci;

-- Volcando datos para la tabla gimnasio.notificaciones_membresia: ~0 rows (aproximadamente)
INSERT INTO `notificaciones_membresia` (`id`, `usuario_id`, `fecha_notificacion`) VALUES
	(1, 32, '2024-11-16 05:47:24'),
	(2, 98, '2024-12-03 22:33:42');

-- Volcando estructura para tabla gimnasio.objetivos_metas
CREATE TABLE IF NOT EXISTS `objetivos_metas` (
  `id` int(11) NOT NULL AUTO_INCREMENT,
  `usuario_id` int(11) NOT NULL,
  `objetivo_cliente` text NOT NULL,
  `meta_cliente` text NOT NULL,
  `intolerancia` text DEFAULT NULL,
  `alergia` text DEFAULT NULL,
  `sensibilidad_alimentaria` text DEFAULT NULL,
  `restricciones_medicas` text DEFAULT NULL,
  `tipo_lesion` varchar(255) DEFAULT NULL,
  `descripcion_lesion` text DEFAULT NULL,
  `restricciones_ejercicios` text DEFAULT NULL,
  `fecha_registro` timestamp NOT NULL DEFAULT current_timestamp(),
  `registrado_por` int(11) NOT NULL,
  PRIMARY KEY (`id`),
  KEY `usuario_id` (`usuario_id`),
  KEY `registrado_por` (`registrado_por`),
  CONSTRAINT `objetivos_metas_ibfk_1` FOREIGN KEY (`usuario_id`) REFERENCES `usuarios` (`id`),
  CONSTRAINT `objetivos_metas_ibfk_2` FOREIGN KEY (`registrado_por`) REFERENCES `usuarios` (`id`)
) ENGINE=InnoDB AUTO_INCREMENT=13 DEFAULT CHARSET=utf8mb4 COLLATE=utf8mb4_unicode_ci;

-- Volcando datos para la tabla gimnasio.objetivos_metas: ~10 rows (aproximadamente)
INSERT INTO `objetivos_metas` (`id`, `usuario_id`, `objetivo_cliente`, `meta_cliente`, `intolerancia`, `alergia`, `sensibilidad_alimentaria`, `restricciones_medicas`, `tipo_lesion`, `descripcion_lesion`, `restricciones_ejercicios`, `fecha_registro`, `registrado_por`) VALUES
	(1, 12, 'Incrementar la masa muscular en un 10% en los próximos 6 meses.', 'RECUPERACION DE UNA LESION', 'lactosa', 'mani', 'a comer de noche', 'diabetes', 'Esguince de tobillo', ' Lesión reciente en el tobillo izquierdo,', 'vitar cualquier ejercicio que implique carga sobre el tobillo ', '2024-11-17 04:15:06', 4),
	(4, 40, 'Ganar masa muscular', 'Aumentar 5kg de masa muscular', 'Ninguna', 'Ninguna', 'Ninguna', 'Ninguna', 'Ninguna', 'Ninguna', 'Ninguna', '2024-11-18 07:15:23', 4),
	(5, 64, 'Ganar masa muscular', 'Aumentar 6kg de masa muscular', 'Ninguna', 'Ninguna', 'Ninguna', 'Ninguna', 'Ninguna', 'Ninguna', 'Ninguna', '2024-11-28 06:51:30', 4),
	(6, 69, 'ganar masa muscular', 'aumentar 4kg', 'nada', 'nada', 'nada', 'nada', 'nada', 'nada', 'nada', '2024-12-02 18:58:51', 4),
	(7, 64, ' ganar masa muscular', 'aumentar 2kg de masa muscular', 'nada', 'nada', 'nada', 'nada', 'nada', 'nada', 'nada', '2024-12-02 19:19:05', 4),
	(8, 99, 'ganar masa muscular', 'aumentar 5kg de peso', 'nada', 'nada', 'nada', 'nada', 'nada', 'nada', 'nada', '2024-12-02 19:30:52', 4),
	(9, 101, 'ganar masa muscular', 'aumentar 1kg masa muscular', 'nada', 'nada', 'nada', 'nada', 'nada', 'nada', 'nada', '2024-12-02 20:22:30', 4),
	(10, 102, 'ganar massa muscular', 'aumentar 5 kg de masa', 'ninguno', 'ninguno', 'ninguno', 'ninguno', 'ninguno', 'ninguno', 'ninguno', '2024-12-02 22:22:57', 4),
	(11, 32, 'aumentar masa muscular', 'aumentar 3kg de masa', 'ninguna', 'ninguna', 'ninguna', 'ninguna', 'ninguna', 'ninguna', 'ninguna', '2024-12-03 18:49:58', 4),
	(12, 103, 'ganar masa muscular', 'aumentar 2kg de masa muscular', 'ninguna', 'ninguna', 'ninguna', 'ninguna', 'ninguna', 'ninguna', 'ninguna', '2024-12-03 22:27:12', 4);

-- Volcando estructura para tabla gimnasio.planesejercicio
CREATE TABLE IF NOT EXISTS `planesejercicio` (
  `id` int(11) NOT NULL AUTO_INCREMENT,
  `usuario_id` int(11) NOT NULL,
  `entrenador_id` int(11) NOT NULL,
  `fecha_inicio` date NOT NULL,
  `fecha_fin` date NOT NULL,
  `objetivo` enum('perdida_peso','ganancia_muscular','mantenimiento','fuerza') DEFAULT NULL,
  `nivel` enum('principiante','intermedio','avanzado') DEFAULT NULL,
  `estado` enum('activo','completado','cancelado') DEFAULT 'activo',
  `notas` text DEFAULT NULL,
  `fecha_creacion` timestamp NOT NULL DEFAULT current_timestamp(),
  PRIMARY KEY (`id`),
  KEY `usuario_id` (`usuario_id`),
  KEY `entrenador_id` (`entrenador_id`),
  CONSTRAINT `planesejercicio_ibfk_1` FOREIGN KEY (`usuario_id`) REFERENCES `usuarios` (`id`),
  CONSTRAINT `planesejercicio_ibfk_2` FOREIGN KEY (`entrenador_id`) REFERENCES `usuarios` (`id`)
) ENGINE=InnoDB AUTO_INCREMENT=4 DEFAULT CHARSET=utf8mb4 COLLATE=utf8mb4_unicode_ci;

-- Volcando datos para la tabla gimnasio.planesejercicio: ~3 rows (aproximadamente)
INSERT INTO `planesejercicio` (`id`, `usuario_id`, `entrenador_id`, `fecha_inicio`, `fecha_fin`, `objetivo`, `nivel`, `estado`, `notas`, `fecha_creacion`) VALUES
	(1, 9, 6, '2024-01-25', '2024-02-25', 'perdida_peso', 'principiante', 'activo', 'Plan inicial', '2024-10-30 20:03:11'),
	(2, 10, 7, '2024-01-25', '2024-02-25', 'ganancia_muscular', 'intermedio', 'activo', 'Plan de volumen', '2024-10-30 20:03:11'),
	(3, 11, 8, '2024-01-25', '2024-02-25', 'mantenimiento', 'avanzado', 'activo', 'Plan de mantenimiento', '2024-10-30 20:03:11');

-- Volcando estructura para tabla gimnasio.planesnutricionales
CREATE TABLE IF NOT EXISTS `planesnutricionales` (
  `id` int(11) NOT NULL AUTO_INCREMENT,
  `usuario_id` int(11) NOT NULL,
  `entrenador_id` int(11) NOT NULL,
  `fecha_inicio` date NOT NULL,
  `fecha_fin` date NOT NULL,
  `calorias_diarias` int(11) DEFAULT NULL,
  `objetivo_proteinas` int(11) DEFAULT NULL,
  `objetivo_carbohidratos` int(11) DEFAULT NULL,
  `objetivo_grasas` int(11) DEFAULT NULL,
  `preferencias` text DEFAULT NULL,
  `notas` text DEFAULT NULL,
  `estado` enum('activo','completado','cancelado') DEFAULT 'activo',
  `fecha_creacion` timestamp NOT NULL DEFAULT current_timestamp(),
  PRIMARY KEY (`id`),
  KEY `usuario_id` (`usuario_id`),
  KEY `entrenador_id` (`entrenador_id`),
  CONSTRAINT `planesnutricionales_ibfk_1` FOREIGN KEY (`usuario_id`) REFERENCES `usuarios` (`id`),
  CONSTRAINT `planesnutricionales_ibfk_2` FOREIGN KEY (`entrenador_id`) REFERENCES `usuarios` (`id`)
) ENGINE=InnoDB AUTO_INCREMENT=14 DEFAULT CHARSET=utf8mb4 COLLATE=utf8mb4_unicode_ci;

-- Volcando datos para la tabla gimnasio.planesnutricionales: ~12 rows (aproximadamente)
INSERT INTO `planesnutricionales` (`id`, `usuario_id`, `entrenador_id`, `fecha_inicio`, `fecha_fin`, `calorias_diarias`, `objetivo_proteinas`, `objetivo_carbohidratos`, `objetivo_grasas`, `preferencias`, `notas`, `estado`, `fecha_creacion`) VALUES
	(1, 6, 3, '2024-01-25', '2024-02-25', 2000, 150, 200, 67, 'Sin lactosa', NULL, 'activo', '2024-10-30 20:03:11'),
	(2, 7, 3, '2024-01-25', '2024-02-25', 2500, 180, 280, 83, 'Sin preferencias', NULL, 'activo', '2024-10-30 20:03:11'),
	(3, 8, 4, '2024-01-25', '2024-02-25', 1800, 135, 180, 60, 'Vegetariano', NULL, 'activo', '2024-10-30 20:03:11'),
	(4, 9, 4, '2024-01-25', '2024-02-25', 2200, 165, 220, 73, 'Sin gluten', NULL, 'activo', '2024-10-30 20:03:11'),
	(5, 10, 5, '2024-01-25', '2024-02-25', 1600, 120, 160, 53, 'Sin preferencias', NULL, 'activo', '2024-10-30 20:03:11'),
	(6, 12, 4, '2024-11-18', '2024-12-18', 2000, 30, 40, 30, '{"generales":"Realizar actividad f\\u00edsica regular para potenciar el desarrollo muscular. Consumir suficiente agua durante el d\\u00eda.","suplementacion":"Se recomienda la suplementaci\\u00f3n con prote\\u00ednas en polvo si la ingesta de prote\\u00ednas a trav\\u00e9s de la dieta es insuficiente.","hidratacion":"Beber al menos 2 litros de agua al d\\u00eda para mantener una adecuada hidrataci\\u00f3n."}', 'Plan generado automáticamente', 'activo', '2024-11-18 05:02:20'),
	(7, 64, 4, '2024-11-28', '2024-12-28', 2000, 30, 40, 30, '{"generales":"Realizar al menos 30 minutos de ejercicio al d\\u00eda.","suplementacion":"Considerar suplementos de prote\\u00ednas si la ingesta no es suficiente.","hidratacion":"Beber al menos 2 litros de agua al d\\u00eda."}', 'Plan generado automáticamente', 'activo', '2024-11-28 06:54:38'),
	(8, 69, 4, '2024-12-02', '2025-01-02', 2000, 30, 40, 30, '{"generales":"Mantenerse hidratado durante el d\\u00eda, realizar ejercicio de fuerza para potenciar el desarrollo muscular.","suplementacion":"Se recomienda suplementar con prote\\u00edna en polvo si no se llega a cubrir la ingesta diaria necesaria.","hidratacion":"Beber al menos 2 litros de agua al d\\u00eda."}', 'Plan generado automáticamente', 'activo', '2024-12-02 19:00:52'),
	(9, 64, 4, '2024-12-02', '2025-01-02', 2000, 30, 40, 30, '{"generales":"Realizar ejercicio de fuerza para potenciar el desarrollo muscular.","suplementacion":"Se recomienda la suplementaci\\u00f3n con prote\\u00edna en polvo para asegurar el aporte necesario.","hidratacion":"Mantenerse bien hidratado, beber al menos 2 litros de agua al d\\u00eda."}', 'Plan generado automáticamente', 'activo', '2024-12-02 19:21:47'),
	(10, 99, 4, '2024-12-02', '2025-01-02', 2000, 30, 40, 30, '{"generales":"Realizar ejercicio de fuerza 3 veces por semana.","suplementacion":"Considerar suplementar con creatina y glutamina para mejorar el rendimiento y la recuperaci\\u00f3n.","hidratacion":"Mantenerse bien hidratado, beber al menos 2 litros de agua al d\\u00eda."}', 'Plan generado automáticamente', 'activo', '2024-12-02 19:33:03'),
	(11, 101, 4, '2024-12-02', '2025-01-02', 2000, 30, 40, 30, '{"generales":"Incluir variedad de alimentos para asegurar la ingesta de todos los nutrientes esenciales.","suplementacion":"Considerar la suplementaci\\u00f3n de creatina y glutamina para favorecer el desarrollo muscular.","hidratacion":"Beber al menos 2 litros de agua al d\\u00eda para mantenerse bien hidratado."}', 'Plan generado automáticamente', 'activo', '2024-12-02 20:24:36'),
	(12, 12, 4, '2024-12-02', '2025-01-02', 2000, 30, 40, 30, '{"generales":"Mantenerse hidratado y realizar ejercicio de fuerza regularmente.","suplementacion":"Considerar suplementos de prote\\u00ednas si la ingesta no es suficiente.","hidratacion":"Beber al menos 2 litros de agua al d\\u00eda."}', 'Plan generado automáticamente', 'activo', '2024-12-02 22:32:31'),
	(13, 103, 4, '2024-12-03', '2025-01-03', 2000, 30, 40, 30, '{"generales":"Mantenerse hidratado durante todo el d\\u00eda. Realizar ejercicio de fuerza para potenciar el crecimiento muscular.","suplementacion":"Se recomienda la suplementaci\\u00f3n con prote\\u00ednas en polvo para asegurar un aporte adecuado.","hidratacion":"Beber al menos 2 litros de agua al d\\u00eda."}', 'Plan generado automáticamente', 'activo', '2024-12-03 22:30:10');

-- Volcando estructura para tabla gimnasio.planes_ejercicio_ia
CREATE TABLE IF NOT EXISTS `planes_ejercicio_ia` (
  `id` int(11) NOT NULL AUTO_INCREMENT,
  `usuario_id` int(11) NOT NULL,
  `entrenador_id` int(11) NOT NULL,
  `datos_plan` longtext NOT NULL,
  `observaciones` text DEFAULT NULL,
  `fecha_creacion` timestamp NOT NULL DEFAULT current_timestamp(),
  PRIMARY KEY (`id`),
  KEY `usuario_id` (`usuario_id`),
  KEY `entrenador_id` (`entrenador_id`),
  CONSTRAINT `planes_ejercicio_ia_ibfk_1` FOREIGN KEY (`usuario_id`) REFERENCES `usuarios` (`id`),
  CONSTRAINT `planes_ejercicio_ia_ibfk_2` FOREIGN KEY (`entrenador_id`) REFERENCES `usuarios` (`id`)
) ENGINE=InnoDB AUTO_INCREMENT=20 DEFAULT CHARSET=utf8mb4 COLLATE=utf8mb4_unicode_ci;

-- Volcando datos para la tabla gimnasio.planes_ejercicio_ia: ~13 rows (aproximadamente)
INSERT INTO `planes_ejercicio_ia` (`id`, `usuario_id`, `entrenador_id`, `datos_plan`, `observaciones`, `fecha_creacion`) VALUES
	(1, 32, 4, '{"lunes":"<strong>Ejercicios:<\\/strong><br><div class=\\"ejercicio-item\\"><div class=\\"ejercicio-titulo\\">1. Press de banca en m\\u00e1quina Smith<\\/div><div class=\\"ejercicio-detalle\\">Series: 4<\\/div><div class=\\"ejercicio-detalle\\">Repeticiones: 12<\\/div><div class=\\"ejercicio-detalle\\">Peso: 60kg<\\/div><div class=\\"ejercicio-detalle\\">Descanso: 90 segundos<\\/div><\\/div><br><div class=\\"ejercicio-item\\"><div class=\\"ejercicio-titulo\\">2. Press inclinado con mancuernas<\\/div><div class=\\"ejercicio-detalle\\">Series: 4<\\/div><div class=\\"ejercicio-detalle\\">Repeticiones: 12<\\/div><div class=\\"ejercicio-detalle\\">Peso: 20kg<\\/div><div class=\\"ejercicio-detalle\\">Descanso: 60 segundos<\\/div><\\/div><br><div class=\\"ejercicio-item\\"><div class=\\"ejercicio-titulo\\">3. Extensiones de tr\\u00edceps en polea alta<\\/div><div class=\\"ejercicio-detalle\\">Series: 4<\\/div><div class=\\"ejercicio-detalle\\">Repeticiones: 12<\\/div><div class=\\"ejercicio-detalle\\">Peso: 25kg<\\/div><div class=\\"ejercicio-detalle\\">Descanso: 60 segundos<\\/div><\\/div><br><strong>Intensidad:<\\/strong> moderada<br><strong>Precauciones:<\\/strong> Evitar ejercicios que impliquen carga sobre el tobillo lesionado<br>","martes":"<strong>Ejercicios:<\\/strong><br><div class=\\"ejercicio-item\\"><div class=\\"ejercicio-titulo\\">1. Dominadas en m\\u00e1quina asistida<\\/div><div class=\\"ejercicio-detalle\\">Series: 4<\\/div><div class=\\"ejercicio-detalle\\">Repeticiones: 12<\\/div><div class=\\"ejercicio-detalle\\">Peso: peso corporal<\\/div><div class=\\"ejercicio-detalle\\">Descanso: 90 segundos<\\/div><\\/div><br><div class=\\"ejercicio-item\\"><div class=\\"ejercicio-titulo\\">2. Curl de b\\u00edceps con barra recta<\\/div><div class=\\"ejercicio-detalle\\">Series: 4<\\/div><div class=\\"ejercicio-detalle\\">Repeticiones: 12<\\/div><div class=\\"ejercicio-detalle\\">Peso: 20kg<\\/div><div class=\\"ejercicio-detalle\\">Descanso: 60 segundos<\\/div><\\/div><br><div class=\\"ejercicio-item\\"><div class=\\"ejercicio-titulo\\">3. Peso muerto con barra<\\/div><div class=\\"ejercicio-detalle\\">Series: 4<\\/div><div class=\\"ejercicio-detalle\\">Repeticiones: 12<\\/div><div class=\\"ejercicio-detalle\\">Peso: 60kg<\\/div><div class=\\"ejercicio-detalle\\">Descanso: 90 segundos<\\/div><\\/div><br><strong>Intensidad:<\\/strong> alta<br><strong>Precauciones:<\\/strong> Evitar ejercicios que impliquen carga sobre el tobillo lesionado<br>","miercoles":"<strong>Ejercicios:<\\/strong><br><div class=\\"ejercicio-item\\"><div class=\\"ejercicio-titulo\\">1. Prensa de piernas<\\/div><div class=\\"ejercicio-detalle\\">Series: 4<\\/div><div class=\\"ejercicio-detalle\\">Repeticiones: 12<\\/div><div class=\\"ejercicio-detalle\\">Peso: 100kg<\\/div><div class=\\"ejercicio-detalle\\">Descanso: 90 segundos<\\/div><\\/div><br><div class=\\"ejercicio-item\\"><div class=\\"ejercicio-titulo\\">2. Elevaciones laterales con mancuernas<\\/div><div class=\\"ejercicio-detalle\\">Series: 4<\\/div><div class=\\"ejercicio-detalle\\">Repeticiones: 12<\\/div><div class=\\"ejercicio-detalle\\">Peso: 8kg<\\/div><div class=\\"ejercicio-detalle\\">Descanso: 60 segundos<\\/div><\\/div><br><div class=\\"ejercicio-item\\"><div class=\\"ejercicio-titulo\\">3. P\\u00e1jaros con mancuernas<\\/div><div class=\\"ejercicio-detalle\\">Series: 4<\\/div><div class=\\"ejercicio-detalle\\">Repeticiones: 12<\\/div><div class=\\"ejercicio-detalle\\">Peso: 6kg<\\/div><div class=\\"ejercicio-detalle\\">Descanso: 60 segundos<\\/div><\\/div><br><strong>Intensidad:<\\/strong> moderada<br><strong>Precauciones:<\\/strong> Evitar ejercicios que impliquen carga sobre el tobillo lesionado<br>","jueves":"<strong>Ejercicios:<\\/strong><br><div class=\\"ejercicio-item\\"><div class=\\"ejercicio-titulo\\">1. Fondos en paralelas<\\/div><div class=\\"ejercicio-detalle\\">Series: 4<\\/div><div class=\\"ejercicio-detalle\\">Repeticiones: 12<\\/div><div class=\\"ejercicio-detalle\\">Peso: peso corporal<\\/div><div class=\\"ejercicio-detalle\\">Descanso: 90 segundos<\\/div><\\/div><br><div class=\\"ejercicio-item\\"><div class=\\"ejercicio-titulo\\">2. Extensiones de tr\\u00edceps en polea alta<\\/div><div class=\\"ejercicio-detalle\\">Series: 4<\\/div><div class=\\"ejercicio-detalle\\">Repeticiones: 12<\\/div><div class=\\"ejercicio-detalle\\">Peso: 25kg<\\/div><div class=\\"ejercicio-detalle\\">Descanso: 60 segundos<\\/div><\\/div><br><strong>Intensidad:<\\/strong> alta<br><strong>Precauciones:<\\/strong> Evitar ejercicios que impliquen carga sobre el tobillo lesionado<br>","viernes":"<strong>Ejercicios:<\\/strong><br><div class=\\"ejercicio-item\\"><div class=\\"ejercicio-titulo\\">1. Remo con barra<\\/div><div class=\\"ejercicio-detalle\\">Series: 4<\\/div><div class=\\"ejercicio-detalle\\">Repeticiones: 12<\\/div><div class=\\"ejercicio-detalle\\">Peso: 40kg<\\/div><div class=\\"ejercicio-detalle\\">Descanso: 90 segundos<\\/div><\\/div><br><div class=\\"ejercicio-item\\"><div class=\\"ejercicio-titulo\\">2. Curl de b\\u00edceps martillo<\\/div><div class=\\"ejercicio-detalle\\">Series: 4<\\/div><div class=\\"ejercicio-detalle\\">Repeticiones: 12<\\/div><div class=\\"ejercicio-detalle\\">Peso: 12kg<\\/div><div class=\\"ejercicio-detalle\\">Descanso: 60 segundos<\\/div><\\/div><br><div class=\\"ejercicio-item\\"><div class=\\"ejercicio-titulo\\">3. Peso muerto rumano con barra<\\/div><div class=\\"ejercicio-detalle\\">Series: 4<\\/div><div class=\\"ejercicio-detalle\\">Repeticiones: 12<\\/div><div class=\\"ejercicio-detalle\\">Peso: 50kg<\\/div><div class=\\"ejercicio-detalle\\">Descanso: 90 segundos<\\/div><\\/div><br><strong>Intensidad:<\\/strong> moderada<br><strong>Precauciones:<\\/strong> Evitar ejercicios que impliquen carga sobre el tobillo lesionado<br>","sabado":"<strong>Ejercicios:<\\/strong><br><div class=\\"ejercicio-item\\"><div class=\\"ejercicio-titulo\\">1. Sentadillas con barra<\\/div><div class=\\"ejercicio-detalle\\">Series: 4<\\/div><div class=\\"ejercicio-detalle\\">Repeticiones: 12<\\/div><div class=\\"ejercicio-detalle\\">Peso: 60kg<\\/div><div class=\\"ejercicio-detalle\\">Descanso: 90 segundos<\\/div><\\/div><br><div class=\\"ejercicio-item\\"><div class=\\"ejercicio-titulo\\">2. Elevaciones frontales con mancuernas<\\/div><div class=\\"ejercicio-detalle\\">Series: 4<\\/div><div class=\\"ejercicio-detalle\\">Repeticiones: 12<\\/div><div class=\\"ejercicio-detalle\\">Peso: 10kg<\\/div><div class=\\"ejercicio-detalle\\">Descanso: 60 segundos<\\/div><\\/div><br><div class=\\"ejercicio-item\\"><div class=\\"ejercicio-titulo\\">3. Encogimientos de hombros con mancuernas<\\/div><div class=\\"ejercicio-detalle\\">Series: 4<\\/div><div class=\\"ejercicio-detalle\\">Repeticiones: 12<\\/div><div class=\\"ejercicio-detalle\\">Peso: 12kg<\\/div><div class=\\"ejercicio-detalle\\">Descanso: 60 segundos<\\/div><\\/div><br><strong>Intensidad:<\\/strong> moderada<br><strong>Precauciones:<\\/strong> Evitar ejercicios que impliquen carga sobre el tobillo lesionado<br>","domingo":"<strong>Actividad:<\\/strong> D\\u00eda de descanso activo o cardio suave seg\\u00fan necesidad<br>","observaciones":"Realizar los ejercicios con buena t\\u00e9cnica y control de la respiraci\\u00f3n. Adaptar la intensidad seg\\u00fan la capacidad individual"}', 'Realizar los ejercicios con buena técnica y control de la respiración. Adaptar la intensidad según la capacidad individual', '2024-11-17 22:28:21'),
	(2, 30, 1, '{\r\n    "lunes": {\r\n        "ejercicios": [\r\n            {\r\n                "nombre": "Press de banca",\r\n                "series": "4",\r\n                "repeticiones": "12",\r\n                "peso": "60kg"\r\n            },\r\n            {\r\n                "nombre": "Sentadillas",\r\n                "series": "4",\r\n                "repeticiones": "15",\r\n                "peso": "50kg"\r\n            },\r\n            {\r\n                "nombre": "Dominadas",\r\n                "series": "3",\r\n                "repeticiones": "10",\r\n                "peso": "Peso corporal"\r\n            }\r\n        ],\r\n        "intensidad": "moderada",\r\n        "precauciones": "Mantener buena forma"\r\n    }\r\n}', 'Plan de fuerza', '2024-11-17 22:50:32'),
	(3, 5, 1, '{\r\n    "lunes": {\r\n        "ejercicios": [\r\n            {\r\n                "nombre": "Prensa de piernas",\r\n                "series": "4",\r\n                "repeticiones": "12",\r\n                "peso": "100kg"\r\n            },\r\n            {\r\n                "nombre": "Press militar",\r\n                "series": "4",\r\n                "repeticiones": "10",\r\n                "peso": "30kg"\r\n            },\r\n            {\r\n                "nombre": "Remo con barra",\r\n                "series": "3",\r\n                "repeticiones": "12",\r\n                "peso": "40kg"\r\n            }\r\n        ],\r\n        "intensidad": "alta",\r\n        "precauciones": "Cuidar la espalda"\r\n    }\r\n}', 'Plan de hipertrofia', '2024-11-17 22:50:32'),
	(4, 9, 1, '{\r\n    "lunes": {\r\n        "ejercicios": [\r\n            {\r\n                "nombre": "Press inclinado con mancuernas",\r\n                "series": "3",\r\n                "repeticiones": "15",\r\n                "peso": "15kg"\r\n            },\r\n            {\r\n                "nombre": "Extensiones de pierna",\r\n                "series": "4",\r\n                "repeticiones": "12",\r\n                "peso": "40kg"\r\n            },\r\n            {\r\n                "nombre": "Curl de bíceps",\r\n                "series": "3",\r\n                "repeticiones": "12",\r\n                "peso": "10kg"\r\n            }\r\n        ],\r\n        "intensidad": "moderada",\r\n        "precauciones": "Calentar bien antes"\r\n    }\r\n}', 'Plan de tonificación', '2024-11-17 22:50:32'),
	(5, 9, 4, '{"lunes":{"ejercicios":[{"nombre":"Flexiones de pecho","series":3,"repeticiones":"12","peso":"cuerpo","descanso":"60 segundos"},{"nombre":"Prensa de hombros con mancuernas","series":3,"repeticiones":"12","peso":"5 kg","descanso":"60 segundos"},{"nombre":"Elevaciones laterales de hombros","series":3,"repeticiones":"12","peso":"2 kg","descanso":"60 segundos"}],"intensidad":"Moderada","precauciones":"Calentar hombros"},"martes":{"ejercicios":[{"nombre":"Sentadillas","series":4,"repeticiones":"10","peso":"20 kg","descanso":"90 segundos"},{"nombre":"Prensa de piernas","series":3,"repeticiones":"12","peso":"40 kg","descanso":"60 segundos"}],"intensidad":"Alta","precauciones":"Calentar piernas"},"miercoles":{"ejercicios":[{"nombre":"Pull-ups","series":3,"repeticiones":"8","peso":"cuerpo","descanso":"60 segundos"},{"nombre":"Remo con barra","series":3,"repeticiones":"12","peso":"30 kg","descanso":"60 segundos"}],"intensidad":"Moderada","precauciones":"Calentar espalda"},"jueves":{"ejercicios":[{"nombre":"Press militar","series":3,"repeticiones":"10","peso":"20 kg","descanso":"60 segundos"},{"nombre":"Elevaciones frontales","series":3,"repeticiones":"12","peso":"3 kg","descanso":"60 segundos"}],"intensidad":"Alta","precauciones":"Calentar hombros"},"viernes":{"ejercicios":[{"nombre":"Zancadas","series":3,"repeticiones":"12","peso":"10 kg","descanso":"60 segundos"},{"nombre":"Peso muerto","series":3,"repeticiones":"10","peso":"30 kg","descanso":"90 segundos"}],"intensidad":"Moderada","precauciones":"Calentar piernas y espalda"},"sabado":{"ejercicios":[{"nombre":"Flexiones diamante","series":3,"repeticiones":"12","peso":"cuerpo","descanso":"60 segundos"},{"nombre":"Curl de b\\u00edceps con barra","series":3,"repeticiones":"12","peso":"10 kg","descanso":"60 segundos"}],"intensidad":"Alta","precauciones":"Calentar brazos"},"domingo":{"ejercicios":[{"nombre":"Plancha","series":3,"tiempo":"30 segundos","descanso":"30 segundos"},{"nombre":"Superman","series":3,"tiempo":"30 segundos","descanso":"30 segundos"}],"intensidad":"Baja","precauciones":"Calentar core y espalda baja"},"observaciones":"Recuerda mantener una alimentaci\\u00f3n adecuada para alcanzar el objetivo de incrementar masa muscular."}', 'Recuerda mantener una alimentación adecuada para alcanzar el objetivo de incrementar masa muscular.', '2024-11-18 04:07:45'),
	(8, 9, 4, '{\r\n        "lunes": {\r\n            "ejercicios": [\r\n                {\r\n                    "nombre": "Press de Banca",\r\n                    "series": 4,\r\n                    "repeticiones": "12",\r\n                    "peso": "40 kg",\r\n                    "descanso": "90 segundos"\r\n                },\r\n                {\r\n                    "nombre": "Dominadas",\r\n                    "series": 3,\r\n                    "repeticiones": "10",\r\n                    "peso": "Peso corporal",\r\n                    "descanso": "60 segundos"\r\n                }\r\n            ],\r\n            "intensidad": "Moderada",\r\n            "precauciones": "Calentar bien antes de comenzar"\r\n        },\r\n        "martes": {\r\n            "ejercicios": [\r\n                {\r\n                    "nombre": "Sentadillas",\r\n                    "series": 4,\r\n                    "repeticiones": "15",\r\n                    "peso": "50 kg",\r\n                    "descanso": "90 segundos"\r\n                }\r\n            ],\r\n            "intensidad": "Alta",\r\n            "precauciones": ""\r\n        },\r\n        "miercoles": {\r\n            "ejercicios": [\r\n                {\r\n                    "nombre": "Peso Muerto",\r\n                    "series": 4,\r\n                    "repeticiones": "10",\r\n                    "peso": "60 kg",\r\n                    "descanso": "120 segundos"\r\n                }\r\n            ],\r\n            "intensidad": "Alta",\r\n            "precauciones": ""\r\n        },\r\n        "jueves": {\r\n            "ejercicios": [\r\n                {\r\n                    "nombre": "Press Militar",\r\n                    "series": 3,\r\n                    "repeticiones": "12",\r\n                    "peso": "30 kg",\r\n                    "descanso": "60 segundos"\r\n                }\r\n            ],\r\n            "intensidad": "Moderada",\r\n            "precauciones": ""\r\n        },\r\n        "viernes": {\r\n            "ejercicios": [\r\n                {\r\n                    "nombre": "Curl de Bíceps",\r\n                    "series": 3,\r\n                    "repeticiones": "12",\r\n                    "peso": "15 kg",\r\n                    "descanso": "60 segundos"\r\n                }\r\n            ],\r\n            "intensidad": "Moderada",\r\n            "precauciones": ""\r\n        },\r\n        "sabado": {\r\n            "ejercicios": [\r\n                {\r\n                    "nombre": "Abdominales",\r\n                    "series": 3,\r\n                    "repeticiones": "20",\r\n                    "peso": "Peso corporal",\r\n                    "descanso": "45 segundos"\r\n                }\r\n            ],\r\n            "intensidad": "Baja",\r\n            "precauciones": ""\r\n        },\r\n        "domingo": {\r\n            "ejercicios": [],\r\n            "intensidad": "Descanso",\r\n            "precauciones": "Día de recuperación"\r\n        }\r\n    }', 'Plan de entrenamiento inicial', '2024-11-18 07:15:23'),
	(11, 8, 4, '{"lunes":{"ejercicios":[{"nombre":"Press de Banca","series":4,"repeticiones":"10","peso":"50 kg","descanso":"90 segundos"},{"nombre":"Sentadillas","series":4,"repeticiones":"12","peso":"60 kg","descanso":"90 segundos"},{"nombre":"Dominadas","series":4,"repeticiones":"8","peso":"Peso corporal","descanso":"90 segundos"},{"nombre":"Fondos en paralelas","series":4,"repeticiones":"10","peso":"Peso corporal","descanso":"90 segundos"}],"intensidad":"Alta","precauciones":"Calentar hombros y codos"},"martes":{"ejercicios":[{"nombre":"Prensa de Piernas","series":4,"repeticiones":"12","peso":"100 kg","descanso":"90 segundos"},{"nombre":"Peso Muerto","series":4,"repeticiones":"10","peso":"70 kg","descanso":"90 segundos"},{"nombre":"Flexiones","series":4,"repeticiones":"15","peso":"Peso corporal","descanso":"90 segundos"}],"intensidad":"Moderada","precauciones":"Calentar espalda y piernas"},"miercoles":{"ejercicios":[{"nombre":"Press Militar","series":4,"repeticiones":"10","peso":"30 kg","descanso":"90 segundos"},{"nombre":"Elevaciones laterales","series":4,"repeticiones":"12","peso":"5 kg","descanso":"90 segundos"},{"nombre":"Curl de B\\u00edceps","series":4,"repeticiones":"12","peso":"15 kg","descanso":"90 segundos"},{"nombre":"Tr\\u00edceps en polea","series":4,"repeticiones":"12","peso":"20 kg","descanso":"90 segundos"}],"intensidad":"Alta","precauciones":"Calentar hombros y codos"},"jueves":{"ejercicios":[{"nombre":"Zancadas","series":4,"repeticiones":"12","peso":"30 kg","descanso":"90 segundos"},{"nombre":"Peso Muerto Rumano","series":4,"repeticiones":"10","peso":"60 kg","descanso":"90 segundos"},{"nombre":"Plancha","series":4,"repeticiones":"45 segundos","peso":"Peso corporal","descanso":"90 segundos"}],"intensidad":"Moderada","precauciones":"Calentar espalda y piernas"},"viernes":{"ejercicios":[{"nombre":"Pull-Ups","series":4,"repeticiones":"8","peso":"Peso corporal","descanso":"90 segundos"},{"nombre":"Remo con barra","series":4,"repeticiones":"12","peso":"40 kg","descanso":"90 segundos"},{"nombre":"Press de Banca Inclinado","series":4,"repeticiones":"10","peso":"45 kg","descanso":"90 segundos"}],"intensidad":"Alta","precauciones":"Calentar hombros y codos"},"sabado":{"ejercicios":[{"nombre":"Sentadillas Frontales","series":4,"repeticiones":"12","peso":"50 kg","descanso":"90 segundos"},{"nombre":"Prensa de Hombros","series":4,"repeticiones":"10","peso":"25 kg","descanso":"90 segundos"},{"nombre":"Elevaciones frontales","series":4,"repeticiones":"12","peso":"5 kg","descanso":"90 segundos"}],"intensidad":"Moderada","precauciones":"Calentar hombros y codos"},"domingo":{"ejercicios":[{"nombre":"Dominadas Pronadas","series":4,"repeticiones":"8","peso":"Peso corporal","descanso":"90 segundos"},{"nombre":"Curl de B\\u00edceps con barra Z","series":4,"repeticiones":"12","peso":"20 kg","descanso":"90 segundos"},{"nombre":"Tr\\u00edceps franc\\u00e9s","series":4,"repeticiones":"12","peso":"15 kg","descanso":"90 segundos"}],"intensidad":"Alta","precauciones":"Calentar hombros y codos"},"observaciones":"Realizar estiramientos al finalizar cada sesi\\u00f3n"}', 'Realizar estiramientos al finalizar cada sesión', '2024-11-28 06:53:43'),
	(12, 64, 4, '{"lunes":{"ejercicios":[{"nombre":"Press de Banca","series":3,"repeticiones":12,"peso":"50 kg","descanso":"90 segundos"},{"nombre":"Sentadillas","series":4,"repeticiones":10,"peso":"60 kg","descanso":"60 segundos"},{"nombre":"Dominadas","series":3,"repeticiones":8,"peso":"Peso corporal","descanso":"90 segundos"},{"nombre":"Fondos en paralelas","series":3,"repeticiones":10,"peso":"Peso corporal","descanso":"60 segundos"}],"intensidad":"Alta","precauciones":"Calentar hombros y mu\\u00f1ecas"},"martes":{"ejercicios":[{"nombre":"Peso muerto","series":4,"repeticiones":8,"peso":"70 kg","descanso":"90 segundos"},{"nombre":"Press militar","series":3,"repeticiones":10,"peso":"30 kg","descanso":"60 segundos"},{"nombre":"Curl de biceps","series":3,"repeticiones":12,"peso":"15 kg","descanso":"60 segundos"}],"intensidad":"Moderada","precauciones":"Calentar espalda baja"},"miercoles":{"ejercicios":[{"nombre":"Extensiones de cuadriceps","series":3,"repeticiones":12,"peso":"30 kg","descanso":"60 segundos"},{"nombre":"Prensa de piernas","series":4,"repeticiones":10,"peso":"100 kg","descanso":"90 segundos"},{"nombre":"Elevaciones laterales","series":3,"repeticiones":12,"peso":"8 kg","descanso":"60 segundos"}],"intensidad":"Alta","precauciones":"Calentar rodillas"},"jueves":{"ejercicios":[{"nombre":"Pull-Ups","series":3,"repeticiones":8,"peso":"Peso corporal","descanso":"90 segundos"},{"nombre":"Remo con barra","series":4,"repeticiones":10,"peso":"50 kg","descanso":"60 segundos"},{"nombre":"Press Franc\\u00e9s","series":3,"repeticiones":12,"peso":"20 kg","descanso":"60 segundos"}],"intensidad":"Moderada","precauciones":"Calentar codos"},"viernes":{"ejercicios":[{"nombre":"Sentadilla B\\u00falgara","series":3,"repeticiones":10,"peso":"15 kg","descanso":"60 segundos"},{"nombre":"Press de hombros con mancuernas","series":3,"repeticiones":12,"peso":"10 kg","descanso":"60 segundos"},{"nombre":"Curl de b\\u00edceps con barra","series":3,"repeticiones":12,"peso":"20 kg","descanso":"60 segundos"}],"intensidad":"Alta","precauciones":"Calentar mu\\u00f1ecas y cuello"},"sabado":{"ejercicios":[{"nombre":"Elevaci\\u00f3n de talones","series":3,"repeticiones":15,"peso":"Peso corporal","descanso":"60 segundos"},{"nombre":"Crunch abdominal","series":3,"repeticiones":15,"peso":"Peso corporal","descanso":"60 segundos"},{"nombre":"Plancha","series":3,"repeticiones":30,"peso":"Peso corporal","descanso":"60 segundos"}],"intensidad":"Moderada","precauciones":"Calentar abdomen y espalda"},"domingo":{"ejercicios":[{"nombre":"Descanso","series":1,"repeticiones":0,"peso":"N\\/A","descanso":"N\\/A"}],"intensidad":"Descanso activo","precauciones":"Realizar estiramientos suaves"},"observaciones":"Recuerda mantener una alimentaci\\u00f3n adecuada y descansar suficiente para favorecer la recuperaci\\u00f3n y el crecimiento muscular."}', 'Recuerda mantener una alimentación adecuada y descansar suficiente para favorecer la recuperación y el crecimiento muscular.', '2024-11-28 07:00:57'),
	(13, 12, 4, '{"lunes":{"ejercicios":[{"nombre":"Press de Banca","series":3,"repeticiones":12,"peso":"45 kg","descanso":"90 segundos"},{"nombre":"Prensa de Piernas","series":3,"repeticiones":12,"peso":"70 kg","descanso":"60 segundos"},{"nombre":"Fondos en Paralelas","series":3,"repeticiones":12,"peso":"0 kg","descanso":"60 segundos"}],"intensidad":"Moderada","precauciones":"Calentar hombros"},"martes":{"ejercicios":[{"nombre":"Peso Muerto","series":3,"repeticiones":12,"peso":"60 kg","descanso":"90 segundos"},{"nombre":"Dominadas","series":3,"repeticiones":12,"peso":"0 kg","descanso":"60 segundos"},{"nombre":"Elevaciones laterales","series":3,"repeticiones":12,"peso":"5 kg","descanso":"60 segundos"}],"intensidad":"Alta","precauciones":"Calentar espalda baja"},"miercoles":{"ejercicios":[{"nombre":"Sentadillas","series":3,"repeticiones":12,"peso":"50 kg","descanso":"90 segundos"},{"nombre":"Press militar","series":3,"repeticiones":12,"peso":"25 kg","descanso":"60 segundos"},{"nombre":"Curl de biceps","series":3,"repeticiones":12,"peso":"10 kg","descanso":"60 segundos"}],"intensidad":"Moderada","precauciones":"Calentar piernas y hombros"},"jueves":{"ejercicios":[{"nombre":"Press de Hombros","series":3,"repeticiones":12,"peso":"20 kg","descanso":"90 segundos"},{"nombre":"Plancha","series":3,"repeticiones":12,"peso":"0 kg","descanso":"60 segundos"},{"nombre":"Extensiones de triceps","series":3,"repeticiones":12,"peso":"15 kg","descanso":"60 segundos"}],"intensidad":"Alta","precauciones":"Calentar hombros y codos"},"viernes":{"ejercicios":[{"nombre":"Zancadas","series":3,"repeticiones":12,"peso":"20 kg","descanso":"90 segundos"},{"nombre":"Pull-ups","series":3,"repeticiones":12,"peso":"0 kg","descanso":"60 segundos"},{"nombre":"Elevaciones frontales","series":3,"repeticiones":12,"peso":"5 kg","descanso":"60 segundos"}],"intensidad":"Moderada","precauciones":"Calentar piernas y espalda"},"sabado":{"ejercicios":[{"nombre":"Prensa de hombros","series":3,"repeticiones":12,"peso":"20 kg","descanso":"90 segundos"},{"nombre":"Hip Thrust","series":3,"repeticiones":12,"peso":"40 kg","descanso":"60 segundos"},{"nombre":"Curl de biceps en polea","series":3,"repeticiones":12,"peso":"15 kg","descanso":"60 segundos"}],"intensidad":"Alta","precauciones":"Calentar hombros y espalda baja"},"domingo":{"ejercicios":[{"nombre":"Peso Muerto rumano","series":3,"repeticiones":12,"peso":"50 kg","descanso":"90 segundos"},{"nombre":"Curl de biceps con barra","series":3,"repeticiones":12,"peso":"15 kg","descanso":"60 segundos"},{"nombre":"Elevaciones frontales con disco","series":3,"repeticiones":12,"peso":"5 kg","descanso":"60 segundos"}],"intensidad":"Moderada","precauciones":"Calentar piernas y brazos"},"observaciones":"Plan dise\\u00f1ado para aumentar masa muscular respetando la lesi\\u00f3n de esguince de tobillo y adaptando ejercicios y pesos. Se recomienda seguir el plan con constancia y consultar con el entrenador en caso de molestias."}', 'Plan diseñado para aumentar masa muscular respetando la lesión de esguince de tobillo y adaptando ejercicios y pesos. Se recomienda seguir el plan con constancia y consultar con el entrenador en caso de molestias.', '2024-12-02 16:57:13'),
	(14, 69, 4, '{"lunes":{"ejercicios":[{"nombre":"Sentadillas","series":4,"repeticiones":12,"peso":"50 kg","descanso":"60 segundos"},{"nombre":"Press de Banca","series":3,"repeticiones":10,"peso":"40 kg","descanso":"90 segundos"},{"nombre":"Dominadas","series":3,"repeticiones":8,"peso":"Cuerpo","descanso":"60 segundos"}],"intensidad":"Alta","precauciones":"Calentar hombros y piernas"},"martes":{"ejercicios":[{"nombre":"Peso Muerto","series":4,"repeticiones":8,"peso":"60 kg","descanso":"120 segundos"},{"nombre":"Flexiones","series":3,"repeticiones":15,"peso":"Cuerpo","descanso":"60 segundos"}],"intensidad":"Moderada","precauciones":"Calentar espalda y pecho"},"miercoles":{"ejercicios":[{"nombre":"Press militar","series":4,"repeticiones":10,"peso":"20 kg","descanso":"90 segundos"},{"nombre":"Fondos en paralelas","series":3,"repeticiones":12,"peso":"Cuerpo","descanso":"60 segundos"}],"intensidad":"Alta","precauciones":"Calentar hombros y tr\\u00edceps"},"jueves":{"ejercicios":[{"nombre":"Remo con barra","series":4,"repeticiones":12,"peso":"40 kg","descanso":"90 segundos"},{"nombre":"Sentadillas frontales","series":3,"repeticiones":10,"peso":"40 kg","descanso":"60 segundos"}],"intensidad":"Moderada","precauciones":"Calentar espalda y piernas"},"viernes":{"ejercicios":[{"nombre":"Press de hombros con mancuernas","series":4,"repeticiones":12,"peso":"10 kg","descanso":"60 segundos"},{"nombre":"Elevaciones laterales","series":3,"repeticiones":15,"peso":"5 kg","descanso":"45 segundos"}],"intensidad":"Alta","precauciones":"Calentar hombros y trapecios"},"sabado":{"ejercicios":[{"nombre":"Curl de b\\u00edceps con barra","series":4,"repeticiones":12,"peso":"20 kg","descanso":"60 segundos"},{"nombre":"Extensiones de tr\\u00edceps en polea","series":3,"repeticiones":15,"peso":"15 kg","descanso":"45 segundos"}],"intensidad":"Moderada","precauciones":"Calentar b\\u00edceps y tr\\u00edceps"},"domingo":{"ejercicios":[{"nombre":"Abdominales","series":4,"repeticiones":20,"peso":"Cuerpo","descanso":"45 segundos"},{"nombre":"Plancha","series":3,"repeticiones":45,"peso":"Cuerpo","descanso":"30 segundos"}],"intensidad":"Baja","precauciones":"Calentar abdomen"},"observaciones":"Este plan de entrenamiento est\\u00e1 dise\\u00f1ado para trabajar todos los grupos musculares de manera equilibrada y promover fuerza y resistencia muscular."}', 'Este plan de entrenamiento está diseñado para trabajar todos los grupos musculares de manera equilibrada y promover fuerza y resistencia muscular.', '2024-12-02 18:56:11'),
	(15, 64, 4, '{"lunes":{"ejercicios":[{"nombre":"Press de Banca","series":3,"repeticiones":12,"peso":"40 kg","descanso":"90 segundos"},{"nombre":"Sentadillas","series":4,"repeticiones":10,"peso":"60 kg","descanso":"60 segundos"},{"nombre":"Dominadas","series":3,"repeticiones":8,"peso":"Peso corporal","descanso":"90 segundos"},{"nombre":"Fondos en paralelas","series":3,"repeticiones":10,"peso":"Peso corporal","descanso":"90 segundos"}],"intensidad":"Alta","precauciones":"Calentar hombros y espalda"},"martes":{"ejercicios":[{"nombre":"Peso muerto","series":4,"repeticiones":8,"peso":"80 kg","descanso":"120 segundos"},{"nombre":"Fondos en m\\u00e1quina","series":3,"repeticiones":12,"peso":"40 kg","descanso":"90 segundos"},{"nombre":"Curl de b\\u00edceps con barra","series":3,"repeticiones":10,"peso":"20 kg","descanso":"60 segundos"}],"intensidad":"Moderada","precauciones":"Calentar piernas"},"miercoles":{"ejercicios":[{"nombre":"Press militar","series":4,"repeticiones":8,"peso":"30 kg","descanso":"90 segundos"},{"nombre":"Remo con barra","series":3,"repeticiones":10,"peso":"40 kg","descanso":"60 segundos"},{"nombre":"Elevaciones laterales","series":3,"repeticiones":12,"peso":"8 kg","descanso":"60 segundos"}],"intensidad":"Alta","precauciones":"Calentar hombros"},"jueves":{"ejercicios":[{"nombre":"Sentadillas frontales","series":4,"repeticiones":10,"peso":"50 kg","descanso":"90 segundos"},{"nombre":"Pull ups","series":3,"repeticiones":8,"peso":"Peso corporal","descanso":"90 segundos"},{"nombre":"Flexiones diamante","series":3,"repeticiones":12,"peso":"Peso corporal","descanso":"60 segundos"}],"intensidad":"Moderada","precauciones":"Calentar espalda"},"viernes":{"ejercicios":[{"nombre":"Prensa de piernas","series":4,"repeticiones":12,"peso":"100 kg","descanso":"120 segundos"},{"nombre":"Aperturas con mancuernas","series":3,"repeticiones":12,"peso":"10 kg","descanso":"60 segundos"},{"nombre":"Plancha","series":3,"repeticiones":30,"peso":"Peso corporal","descanso":"60 segundos"}],"intensidad":"Alta","precauciones":"Calentar piernas"},"sabado":{"ejercicios":[{"nombre":"Press de hombros","series":4,"repeticiones":10,"peso":"20 kg","descanso":"90 segundos"},{"nombre":"Facepulls","series":3,"repeticiones":12,"peso":"8 kg","descanso":"60 segundos"},{"nombre":"Curl de b\\u00edceps con polea","series":3,"repeticiones":12,"peso":"15 kg","descanso":"60 segundos"}],"intensidad":"Moderada","precauciones":"Calentar hombros"},"domingo":{"ejercicios":[{"nombre":"Peso muerto rumano","series":4,"repeticiones":10,"peso":"60 kg","descanso":"90 segundos"},{"nombre":"Extensiones de tr\\u00edceps en polea","series":3,"repeticiones":12,"peso":"20 kg","descanso":"60 segundos"},{"nombre":"Abdominales en banco inclinado","series":3,"repeticiones":15,"peso":"Peso corporal","descanso":"60 segundos"}],"intensidad":"Alta","precauciones":"Calentar piernas y brazos"},"observaciones":"Realizar todos los ejercicios con buena t\\u00e9cnica y control de la respiraci\\u00f3n"}', 'Realizar todos los ejercicios con buena técnica y control de la respiración', '2024-12-02 19:14:59'),
	(16, 99, 4, '{"lunes":{"ejercicios":[{"nombre":"Sentadillas","series":4,"repeticiones":12,"peso":"60 kg","descanso":"90 segundos"},{"nombre":"Press de Banca","series":4,"repeticiones":12,"peso":"50 kg","descanso":"90 segundos"},{"nombre":"Dominadas","series":4,"repeticiones":10,"peso":"Peso corporal","descanso":"60 segundos"},{"nombre":"Fondos en paralelas","series":3,"repeticiones":12,"peso":"Peso corporal","descanso":"60 segundos"}],"intensidad":"Alta","precauciones":"Calentar hombros y rodillas"},"martes":{"ejercicios":[{"nombre":"Peso muerto","series":4,"repeticiones":10,"peso":"80 kg","descanso":"90 segundos"},{"nombre":"Press militar","series":4,"repeticiones":12,"peso":"30 kg","descanso":"90 segundos"},{"nombre":"Elevaciones laterales","series":3,"repeticiones":12,"peso":"8 kg","descanso":"60 segundos"},{"nombre":"Plancha","series":3,"repeticiones":45,"peso":"Peso corporal","descanso":"60 segundos"}],"intensidad":"Alta","precauciones":"Calentar espalda y hombros"},"miercoles":{"ejercicios":[{"nombre":"Femoral tumbado","series":4,"repeticiones":12,"peso":"40 kg","descanso":"90 segundos"},{"nombre":"Press inclinado con mancuernas","series":4,"repeticiones":12,"peso":"20 kg","descanso":"90 segundos"},{"nombre":"Curl de biceps","series":3,"repeticiones":12,"peso":"12 kg","descanso":"60 segundos"},{"nombre":"Plancha lateral","series":3,"repeticiones":45,"peso":"Peso corporal","descanso":"60 segundos"}],"intensidad":"Moderada","precauciones":"Calentar piernas y codos"},"jueves":{"ejercicios":[{"nombre":"Prensa de piernas","series":4,"repeticiones":12,"peso":"100 kg","descanso":"90 segundos"},{"nombre":"Pull-ups","series":4,"repeticiones":10,"peso":"Peso corporal","descanso":"60 segundos"},{"nombre":"Triceps en polea","series":3,"repeticiones":12,"peso":"20 kg","descanso":"60 segundos"},{"nombre":"Elevaci\\u00f3n de gemelos","series":4,"repeticiones":15,"peso":"20 kg","descanso":"60 segundos"}],"intensidad":"Alta","precauciones":"Calentar piernas y codos"},"viernes":{"ejercicios":[{"nombre":"Press de hombros","series":4,"repeticiones":12,"peso":"25 kg","descanso":"90 segundos"},{"nombre":"Remo con barra","series":4,"repeticiones":12,"peso":"50 kg","descanso":"90 segundos"},{"nombre":"Martillo","series":3,"repeticiones":12,"peso":"10 kg","descanso":"60 segundos"},{"nombre":"Plancha","series":3,"repeticiones":45,"peso":"Peso corporal","descanso":"60 segundos"}],"intensidad":"Moderada","precauciones":"Calentar espalda y hombros"},"sabado":{"ejercicios":[{"nombre":"Sentadilla frontal","series":4,"repeticiones":12,"peso":"50 kg","descanso":"90 segundos"},{"nombre":"Press de banca inclinado","series":4,"repeticiones":12,"peso":"45 kg","descanso":"90 segundos"},{"nombre":"Pull-over con mancuerna","series":3,"repeticiones":12,"peso":"14 kg","descanso":"60 segundos"},{"nombre":"Plancha lateral","series":3,"repeticiones":45,"peso":"Peso corporal","descanso":"60 segundos"}],"intensidad":"Alta","precauciones":"Calentar piernas y codos"},"domingo":{"ejercicios":[{"nombre":"Peso muerto rumano","series":4,"repeticiones":10,"peso":"70 kg","descanso":"90 segundos"},{"nombre":"Press militar con barra","series":4,"repeticiones":12,"peso":"30 kg","descanso":"90 segundos"},{"nombre":"Curl de biceps con barra","series":3,"repeticiones":12,"peso":"20 kg","descanso":"60 segundos"},{"nombre":"Plancha","series":3,"repeticiones":45,"peso":"Peso corporal","descanso":"60 segundos"}],"intensidad":"Moderada","precauciones":"Calentar espalda y hombros"},"observaciones":"Recuerda mantener una alimentaci\\u00f3n adecuada para apoyar el desarrollo muscular."}', 'Recuerda mantener una alimentación adecuada para apoyar el desarrollo muscular.', '2024-12-02 19:32:21'),
	(17, 101, 4, '{"lunes":{"ejercicios":[{"nombre":"Sentadillas","series":4,"repeticiones":12,"peso":"60 kg","descanso":"60 segundos"},{"nombre":"Press de Banca","series":4,"repeticiones":12,"peso":"50 kg","descanso":"60 segundos"},{"nombre":"Dominadas","series":3,"repeticiones":10,"peso":"Peso corporal","descanso":"60 segundos"},{"nombre":"Fondos en paralelas","series":3,"repeticiones":10,"peso":"Peso corporal","descanso":"60 segundos"}],"intensidad":"Alta","precauciones":"Calentar hombros y rodillas"},"martes":{"ejercicios":[{"nombre":"Peso muerto","series":4,"repeticiones":10,"peso":"80 kg","descanso":"90 segundos"},{"nombre":"Press militar","series":4,"repeticiones":12,"peso":"30 kg","descanso":"60 segundos"},{"nombre":"Elevaciones laterales","series":3,"repeticiones":12,"peso":"8 kg","descanso":"45 segundos"}],"intensidad":"Moderada","precauciones":"Calentar hombros y espalda"},"miercoles":{"ejercicios":[{"nombre":"Femoral tumbado","series":4,"repeticiones":12,"peso":"40 kg","descanso":"60 segundos"},{"nombre":"Press inclinado","series":4,"repeticiones":12,"peso":"45 kg","descanso":"60 segundos"},{"nombre":"Curl de biceps","series":3,"repeticiones":12,"peso":"12 kg","descanso":"45 segundos"}],"intensidad":"Alta","precauciones":"Calentar codos y mu\\u00f1ecas"},"jueves":{"ejercicios":[{"nombre":"Zancadas","series":4,"repeticiones":12,"peso":"30 kg","descanso":"60 segundos"},{"nombre":"Pull-ups","series":4,"repeticiones":10,"peso":"Peso corporal","descanso":"60 segundos"},{"nombre":"Plancha","series":3,"repeticiones":30,"peso":"Peso corporal","descanso":"45 segundos"}],"intensidad":"Moderada","precauciones":"Calentar hombros y espalda"},"viernes":{"ejercicios":[{"nombre":"Prensa de piernas","series":4,"repeticiones":12,"peso":"100 kg","descanso":"90 segundos"},{"nombre":"Press franc\\u00e9s","series":4,"repeticiones":12,"peso":"25 kg","descanso":"60 segundos"},{"nombre":"Elevaciones frontales","series":3,"repeticiones":12,"peso":"8 kg","descanso":"45 segundos"}],"intensidad":"Alta","precauciones":"Calentar codos y mu\\u00f1ecas"},"sabado":{"ejercicios":[{"nombre":"Gemelos de pie","series":4,"repeticiones":15,"peso":"30 kg","descanso":"60 segundos"},{"nombre":"Remo con barra","series":4,"repeticiones":12,"peso":"40 kg","descanso":"60 segundos"},{"nombre":"Abdominales","series":3,"repeticiones":20,"peso":"Peso corporal","descanso":"45 segundos"}],"intensidad":"Moderada","precauciones":"Calentar espalda baja y abdomen"},"domingo":{"ejercicios":[{"nombre":"Press de hombros","series":4,"repeticiones":12,"peso":"20 kg","descanso":"60 segundos"},{"nombre":"Curl de piernas acostado","series":4,"repeticiones":12,"peso":"60 kg","descanso":"60 segundos"},{"nombre":"Triceps en polea","series":3,"repeticiones":12,"peso":"15 kg","descanso":"45 segundos"}],"intensidad":"Alta","precauciones":"Calentar codos y mu\\u00f1ecas"},"observaciones":"Realizar todos los ejercicios de forma controlada y con buena t\\u00e9cnica. Aumentar peso gradualmente para seguir progresando."}', 'Realizar todos los ejercicios de forma controlada y con buena técnica. Aumentar peso gradualmente para seguir progresando.', '2024-12-02 20:23:07'),
	(18, 102, 4, '{"lunes":{"ejercicios":[{"nombre":"Press de Banca","series":3,"repeticiones":12,"peso":"50 kg","descanso":"90 segundos"},{"nombre":"Sentadillas","series":3,"repeticiones":12,"peso":"60 kg","descanso":"90 segundos"},{"nombre":"Dominadas","series":3,"repeticiones":10,"peso":"Peso corporal","descanso":"90 segundos"},{"nombre":"Fondos en paralelas","series":3,"repeticiones":10,"peso":"Peso corporal","descanso":"90 segundos"}],"intensidad":"Alta","precauciones":"Calentar hombros y mu\\u00f1ecas antes del Press de Banca"},"martes":{"ejercicios":[{"nombre":"Peso Muerto","series":3,"repeticiones":10,"peso":"70 kg","descanso":"120 segundos"},{"nombre":"Press Militar","series":3,"repeticiones":12,"peso":"30 kg","descanso":"90 segundos"},{"nombre":"Burpees","series":3,"repeticiones":15,"peso":"Peso corporal","descanso":"60 segundos"}],"intensidad":"Moderada","precauciones":"Calentar espalda antes del Peso Muerto"},"miercoles":{"ejercicios":[{"nombre":"Remo con barra","series":3,"repeticiones":12,"peso":"40 kg","descanso":"90 segundos"},{"nombre":"Curl de b\\u00edceps","series":3,"repeticiones":12,"peso":"15 kg","descanso":"60 segundos"},{"nombre":"Plancha","series":3,"repeticiones":45,"peso":"Peso corporal","descanso":"60 segundos"}],"intensidad":"Alta","precauciones":"Calentar espalda antes del Remo con barra"},"jueves":{"ejercicios":[{"nombre":"Sentadillas Frontales","series":3,"repeticiones":12,"peso":"50 kg","descanso":"90 segundos"},{"nombre":"Elevaciones laterales","series":3,"repeticiones":15,"peso":"5 kg","descanso":"60 segundos"},{"nombre":"Abdominales","series":3,"repeticiones":20,"peso":"Peso corporal","descanso":"60 segundos"}],"intensidad":"Moderada","precauciones":"Calentar caderas antes de las Sentadillas Frontales"},"viernes":{"ejercicios":[{"nombre":"Press de Hombros","series":3,"repeticiones":12,"peso":"30 kg","descanso":"90 segundos"},{"nombre":"Prensa de piernas","series":3,"repeticiones":12,"peso":"80 kg","descanso":"90 segundos"},{"nombre":"Flexiones","series":3,"repeticiones":15,"peso":"Peso corporal","descanso":"60 segundos"}],"intensidad":"Alta","precauciones":"Calentar hombros antes del Press de Hombros"},"sabado":{"ejercicios":[{"nombre":"Pull-ups","series":3,"repeticiones":10,"peso":"Peso corporal","descanso":"90 segundos"},{"nombre":"Zancadas","series":3,"repeticiones":12,"peso":"40 kg","descanso":"90 segundos"},{"nombre":"Russian twists","series":3,"repeticiones":20,"peso":"10 kg","descanso":"60 segundos"}],"intensidad":"Moderada","precauciones":"Calentar hombros antes de las Pull-ups"},"domingo":{"ejercicios":[{"nombre":"Hip Thrust","series":3,"repeticiones":12,"peso":"60 kg","descanso":"90 segundos"},{"nombre":"Press Franc\\u00e9s","series":3,"repeticiones":12,"peso":"15 kg","descanso":"60 segundos"},{"nombre":"Mountain Climbers","series":3,"repeticiones":20,"peso":"Peso corporal","descanso":"60 segundos"}],"intensidad":"Alta","precauciones":"Calentar codos antes del Press Franc\\u00e9s"},"observaciones":"Recuerda mantener una buena hidrataci\\u00f3n durante el entrenamiento y ajustar los pesos seg\\u00fan la capacidad de cada ejercicio"}', 'Recuerda mantener una buena hidratación durante el entrenamiento y ajustar los pesos según la capacidad de cada ejercicio', '2024-12-02 22:33:26'),
	(19, 103, 4, '{"lunes":{"ejercicios":[{"nombre":"Press de Banca","series":3,"repeticiones":12,"peso":"50 kg","descanso":"90 segundos"},{"nombre":"Sentadillas","series":4,"repeticiones":10,"peso":"60 kg","descanso":"60 segundos"},{"nombre":"Dominadas","series":3,"repeticiones":8,"peso":"Peso corporal","descanso":"90 segundos"}],"intensidad":"Alta","precauciones":"Calentar hombros y espalda"},"martes":{"ejercicios":[{"nombre":"Peso Muerto","series":3,"repeticiones":8,"peso":"70 kg","descanso":"120 segundos"},{"nombre":"Fondos en Paralelas","series":3,"repeticiones":10,"peso":"Peso corporal","descanso":"60 segundos"}],"intensidad":"Alta","precauciones":"Calentar piernas y espalda baja"},"miercoles":{"ejercicios":[{"nombre":"Press Militar","series":3,"repeticiones":12,"peso":"30 kg","descanso":"90 segundos"},{"nombre":"Remo con Barra","series":4,"repeticiones":10,"peso":"50 kg","descanso":"60 segundos"}],"intensidad":"Moderada","precauciones":"Calentar hombros y espalda"},"jueves":{"ejercicios":[{"nombre":"Sentadillas Frontales","series":3,"repeticiones":12,"peso":"40 kg","descanso":"90 segundos"},{"nombre":"Pull-Ups","series":3,"repeticiones":8,"peso":"Peso corporal","descanso":"90 segundos"},{"nombre":"Elevaciones Laterales","series":3,"repeticiones":12,"peso":"5 kg","descanso":"60 segundos"}],"intensidad":"Alta","precauciones":"Calentar piernas y espalda baja"},"viernes":{"ejercicios":[{"nombre":"Press de Pecho Inclinado","series":3,"repeticiones":10,"peso":"45 kg","descanso":"90 segundos"},{"nombre":"Prensa de Piernas","series":4,"repeticiones":12,"peso":"100 kg","descanso":"60 segundos"}],"intensidad":"Moderada","precauciones":"Calentar pecho y piernas"},"sabado":{"ejercicios":[{"nombre":"Fondos en M\\u00e1quina","series":3,"repeticiones":12,"peso":"50 kg","descanso":"90 segundos"},{"nombre":"Curl de B\\u00edceps con Barra","series":3,"repeticiones":12,"peso":"20 kg","descanso":"60 segundos"},{"nombre":"Extensiones de Tr\\u00edceps en Polea","series":3,"repeticiones":12,"peso":"15 kg","descanso":"60 segundos"}],"intensidad":"Moderada","precauciones":"Calentar brazos"},"domingo":{"ejercicios":[{"nombre":"Zancadas con Mancuernas","series":3,"repeticiones":12,"peso":"12 kg","descanso":"90 segundos"},{"nombre":"Elevaciones Frontales","series":3,"repeticiones":12,"peso":"5 kg","descanso":"60 segundos"}],"intensidad":"Moderada","precauciones":"Calentar piernas y hombros"},"observaciones":"Recuerda mantener una buena hidrataci\\u00f3n y alimentaci\\u00f3n para apoyar el crecimiento muscular."}', 'Recuerda mantener una buena hidratación y alimentación para apoyar el crecimiento muscular.', '2024-12-03 22:27:54');

-- Volcando estructura para tabla gimnasio.planes_nutricion_ia
CREATE TABLE IF NOT EXISTS `planes_nutricion_ia` (
  `id` int(11) NOT NULL AUTO_INCREMENT,
  `usuario_id` int(11) NOT NULL,
  `entrenador_id` int(11) NOT NULL,
  `datos_plan` longtext NOT NULL,
  `ingredientes` text DEFAULT NULL,
  `observaciones` text DEFAULT NULL,
  `fecha_creacion` timestamp NOT NULL DEFAULT current_timestamp(),
  PRIMARY KEY (`id`),
  KEY `usuario_id` (`usuario_id`),
  KEY `entrenador_id` (`entrenador_id`),
  CONSTRAINT `planes_nutricion_ia_ibfk_1` FOREIGN KEY (`usuario_id`) REFERENCES `usuarios` (`id`),
  CONSTRAINT `planes_nutricion_ia_ibfk_2` FOREIGN KEY (`entrenador_id`) REFERENCES `usuarios` (`id`)
) ENGINE=InnoDB AUTO_INCREMENT=12 DEFAULT CHARSET=utf8mb4 COLLATE=utf8mb4_unicode_ci;

-- Volcando datos para la tabla gimnasio.planes_nutricion_ia: ~9 rows (aproximadamente)
INSERT INTO `planes_nutricion_ia` (`id`, `usuario_id`, `entrenador_id`, `datos_plan`, `ingredientes`, `observaciones`, `fecha_creacion`) VALUES
	(1, 12, 4, '{"lunes":{"desayuno":"Batido de prote\\u00ednas con pl\\u00e1tano, avena y leche de almendras. 30g de prote\\u00edna en polvo, 1 pl\\u00e1tano, 30g de avena, 250ml de leche de almendras.","almuerzo":"Pechuga de pollo a la plancha con quinoa y vegetales al vapor. 150g de pechuga de pollo, 100g de quinoa cocida, vegetales al vapor al gusto.","cena":"Ensalada de salm\\u00f3n al horno con aguacate y nueces. 150g de salm\\u00f3n al horno, 1 aguacate, 30g de nueces, verduras frescas."},"martes":{"desayuno":"Yogur griego con frutas y almendras. 200g de yogur griego sin lactosa, frutas frescas al gusto, 20g de almendras.","almuerzo":"Tortilla de claras de huevo con espinacas y arroz integral. 5 claras de huevo, espinacas salteadas, 100g de arroz integral cocido.","cena":"Filete de ternera a la plancha con batata asada y esp\\u00e1rragos. 150g de ternera a la plancha, 1 batata asada, esp\\u00e1rragos al vapor."},"miercoles":{"desayuno":"Batido de prote\\u00ednas con fresas, espinacas y leche de coco. 30g de prote\\u00edna en polvo, fresas al gusto, espinacas frescas, 250ml de leche de coco.","almuerzo":"Salm\\u00f3n al horno con quinoa y br\\u00f3coli al vapor. 150g de salm\\u00f3n al horno, 100g de quinoa cocida, br\\u00f3coli al vapor al gusto.","cena":"Hamburguesa de pavo casera con ensalada de aguacate. 150g de carne molida de pavo, condimentos naturales, aguacate en ensalada."},"jueves":{"desayuno":"Tostadas de pan integral con aguacate y huevo pochado. 2 rebanadas de pan integral, 1\\/2 aguacate en rodajas, 1 huevo pochado.","almuerzo":"Lentejas estofadas con pollo y verduras. 200g de lentejas cocidas, 100g de pechuga de pollo, verduras estofadas al gusto.","cena":"Ensalada de at\\u00fan con tomate, pepino y aceitunas. 1 lata de at\\u00fan al natural, tomate, pepino, aceitunas, aderezo ligero."},"viernes":{"desayuno":"Batido de prote\\u00ednas con pi\\u00f1a, espinacas y leche de almendras. 30g de prote\\u00edna en polvo, pi\\u00f1a al gusto, espinacas frescas, 250ml de leche de almendras.","almuerzo":"Pechuga de pollo al horno con quinoa y esp\\u00e1rragos. 150g de pechuga de pollo al horno, 100g de quinoa cocida, esp\\u00e1rragos al vapor.","cena":"Revuelto de tofu con verduras y arroz integral. 150g de tofu, verduras salteadas, 100g de arroz integral cocido."},"sabado":{"desayuno":"Avena con pl\\u00e1tano, nueces y canela. 50g de avena cocida, 1 pl\\u00e1tano en rodajas, 20g de nueces, canela al gusto.","almuerzo":"Ensalada de garbanzos con aguacate y pollo a la plancha. 200g de garbanzos cocidos, aguacate en cubos, 100g de pechuga de pollo a la plancha.","cena":"Salm\\u00f3n al horno con batata asada y esp\\u00e1rragos. 150g de salm\\u00f3n al horno, 1 batata asada, esp\\u00e1rragos al vapor."},"domingo":{"desayuno":"Yogur de almendras con frutas y semillas de ch\\u00eda. 200g de yogur de almendras, frutas frescas al gusto, 10g de semillas de ch\\u00eda.","almuerzo":"Pavo al horno con quinoa y vegetales al vapor. 150g de pavo al horno, 100g de quinoa cocida, vegetales al vapor al gusto.","cena":"Ensalada de salm\\u00f3n con aguacate y nueces. 150g de salm\\u00f3n al horno, 1 aguacate en cubos, 30g de nueces, verduras frescas."},"ingredientes":"Prote\\u00ednas en polvo, pl\\u00e1tano, avena, leche de almendras, pechuga de pollo, quinoa, vegetales variados, salm\\u00f3n, aguacate, nueces, yogur griego sin lactosa, almendras, claras de huevo, espinacas, arroz integral, ternera, batata, esp\\u00e1rragos, fresas, leche de coco, hamburguesa de pavo, pan integral, huevo, lentejas, at\\u00fan, tomate, pepino, pi\\u00f1a, tofu, garbanzos, canela, semillas de ch\\u00eda.","observaciones":"Es importante mantener una hidrataci\\u00f3n adecuada durante el d\\u00eda, consumir al menos 2 litros de agua diariamente. Se recomienda realizar entrenamientos de fuerza tres veces por semana para favorecer el aumento de masa muscular. Evitar el consumo de alcohol y alimentos procesados. Realizar las comidas con al menos 2 horas de anticipaci\\u00f3n al momento de dormir para respetar la sensibilidad alimentaria del cliente."}', 'Proteínas en polvo, plátano, avena, leche de almendras, pechuga de pollo, quinoa, vegetales variados, salmón, aguacate, nueces, yogur griego sin lactosa, almendras, claras de huevo, espinacas, arroz integral, ternera, batata, espárragos, fresas, leche de coco, hamburguesa de pavo, pan integral, huevo, lentejas, atún, tomate, pepino, piña, tofu, garbanzos, canela, semillas de chía.', 'Es importante mantener una hidratación adecuada durante el día, consumir al menos 2 litros de agua diariamente. Se recomienda realizar entrenamientos de fuerza tres veces por semana para favorecer el aumento de masa muscular. Evitar el consumo de alcohol y alimentos procesados. Realizar las comidas con al menos 2 horas de anticipación al momento de dormir para respetar la sensibilidad alimentaria del cliente.', '2024-11-17 22:28:21'),
	(2, 12, 4, '{"datos_nutricion":{"calorias_diarias":2000,"distribucion_macros":{"proteinas":"30%","carbohidratos":"40%","grasas":"30%"}},"lunes":{"desayuno":[{"alimento":"Huevos","cantidad":2,"unidad":"unidades","calorias":140,"proteinas":12,"carbohidratos":1,"grasas":10}],"media_manana":[{"alimento":"Yogur sin lactosa","cantidad":1,"unidad":"envase","calorias":100,"proteinas":6,"carbohidratos":12,"grasas":3}],"almuerzo":[{"alimento":"Pollo a la plancha","cantidad":150,"unidad":"gramos","calorias":200,"proteinas":30,"carbohidratos":0,"grasas":8},{"alimento":"Arroz integral","cantidad":1,"unidad":"taza","calorias":200,"proteinas":5,"carbohidratos":45,"grasas":1},{"alimento":"Vegetales al vapor","cantidad":1,"unidad":"porcion","calorias":50,"proteinas":2,"carbohidratos":10,"grasas":0}],"merienda":[{"alimento":"Frutos secos","cantidad":30,"unidad":"gramos","calorias":180,"proteinas":4,"carbohidratos":6,"grasas":15}],"cena":[{"alimento":"Salm\\u00f3n al horno","cantidad":150,"unidad":"gramos","calorias":250,"proteinas":25,"carbohidratos":0,"grasas":16}],"notas":""},"martes":{"desayuno":[{"alimento":"Avena","cantidad":40,"unidad":"gramos","calorias":150,"proteinas":5,"carbohidratos":25,"grasas":3},{"alimento":"Pl\\u00e1tano","cantidad":1,"unidad":"unidad","calorias":100,"proteinas":1,"carbohidratos":27,"grasas":0}],"media_manana":[{"alimento":"Batido de prote\\u00ednas sin lactosa","cantidad":1,"unidad":"vaso","calorias":150,"proteinas":20,"carbohidratos":10,"grasas":5}],"almuerzo":[{"alimento":"Carne magra a la plancha","cantidad":150,"unidad":"gramos","calorias":200,"proteinas":30,"carbohidratos":0,"grasas":8},{"alimento":"Quinoa","cantidad":1,"unidad":"taza","calorias":220,"proteinas":8,"carbohidratos":39,"grasas":4},{"alimento":"Ensalada verde","cantidad":1,"unidad":"porcion","calorias":50,"proteinas":2,"carbohidratos":8,"grasas":1}],"merienda":[{"alimento":"Yogur sin lactosa","cantidad":1,"unidad":"envase","calorias":100,"proteinas":6,"carbohidratos":12,"grasas":3}],"cena":[{"alimento":"Tortilla de espinacas","cantidad":1,"unidad":"porcion","calorias":200,"proteinas":12,"carbohidratos":10,"grasas":10}],"notas":""},"miercoles":{"desayuno":[{"alimento":"Pan integral","cantidad":2,"unidad":"rebanadas","calorias":140,"proteinas":6,"carbohidratos":25,"grasas":2},{"alimento":"Aguacate","cantidad":0.5,"unidad":"unidad","calorias":120,"proteinas":2,"carbohidratos":6,"grasas":10}],"media_manana":[{"alimento":"Fruta fresca","cantidad":1,"unidad":"unidad","calorias":50,"proteinas":1,"carbohidratos":12,"grasas":0}],"almuerzo":[{"alimento":"Pechuga de pavo","cantidad":100,"unidad":"gramos","calorias":150,"proteinas":20,"carbohidratos":0,"grasas":7},{"alimento":"Pasta integral","cantidad":1,"unidad":"taza","calorias":220,"proteinas":8,"carbohidratos":45,"grasas":2},{"alimento":"Br\\u00f3coli al vapor","cantidad":1,"unidad":"porcion","calorias":50,"proteinas":3,"carbohidratos":6,"grasas":1}],"merienda":[{"alimento":"Smoothie de frutas","cantidad":1,"unidad":"vaso","calorias":150,"proteinas":2,"carbohidratos":35,"grasas":1}],"cena":[{"alimento":"At\\u00fan en lata","cantidad":1,"unidad":"lata","calorias":200,"proteinas":25,"carbohidratos":0,"grasas":10}],"notas":""},"jueves":{"desayuno":[{"alimento":"Huevos revueltos","cantidad":2,"unidad":"unidades","calorias":160,"proteinas":14,"carbohidratos":2,"grasas":11}],"media_manana":[{"alimento":"Nueces","cantidad":30,"unidad":"gramos","calorias":200,"proteinas":5,"carbohidratos":4,"grasas":18}],"almuerzo":[{"alimento":"Lentejas","cantidad":1,"unidad":"taza","calorias":200,"proteinas":18,"carbohidratos":35,"grasas":1},{"alimento":"Arroz blanco","cantidad":1,"unidad":"taza","calorias":200,"proteinas":4,"carbohidratos":45,"grasas":1},{"alimento":"Ensalada de tomate y pepino","cantidad":1,"unidad":"porcion","calorias":50,"proteinas":2,"carbohidratos":8,"grasas":1}],"merienda":[{"alimento":"Yogur sin lactosa","cantidad":1,"unidad":"envase","calorias":100,"proteinas":6,"carbohidratos":12,"grasas":3}],"cena":[{"alimento":"Pescado al horno","cantidad":150,"unidad":"gramos","calorias":200,"proteinas":25,"carbohidratos":0,"grasas":10}],"notas":""},"viernes":{"desayuno":[{"alimento":"Tostadas de centeno","cantidad":2,"unidad":"unidades","calorias":120,"proteinas":4,"carbohidratos":22,"grasas":2},{"alimento":"Mantequilla de almendra","cantidad":1,"unidad":"cucharada","calorias":90,"proteinas":3,"carbohidratos":3,"grasas":8}],"media_manana":[{"alimento":"Batido de prote\\u00ednas sin lactosa","cantidad":1,"unidad":"vaso","calorias":150,"proteinas":20,"carbohidratos":10,"grasas":5}],"almuerzo":[{"alimento":"Tofu a la plancha","cantidad":150,"unidad":"gramos","calorias":200,"proteinas":25,"carbohidratos":4,"grasas":10},{"alimento":"Couscous","cantidad":1,"unidad":"taza","calorias":220,"proteinas":8,"carbohidratos":45,"grasas":2},{"alimento":"Verduras salteadas","cantidad":1,"unidad":"porcion","calorias":80,"proteinas":3,"carbohidratos":14,"grasas":2}],"merienda":[{"alimento":"Fruta fresca","cantidad":1,"unidad":"unidad","calorias":50,"proteinas":1,"carbohidratos":12,"grasas":0}],"cena":[{"alimento":"Hamburguesa de lentejas","cantidad":1,"unidad":"unidad","calorias":250,"proteinas":20,"carbohidratos":30,"grasas":8}],"notas":""},"sabado":{"desayuno":[{"alimento":"Yogur sin lactosa","cantidad":1,"unidad":"envase","calorias":100,"proteinas":6,"carbohidratos":12,"grasas":3},{"alimento":"Granola sin man\\u00ed","cantidad":30,"unidad":"gramos","calorias":120,"proteinas":3,"carbohidratos":20,"grasas":4}],"media_manana":[{"alimento":"Frutos secos","cantidad":30,"unidad":"gramos","calorias":180,"proteinas":4,"carbohidratos":6,"grasas":15}],"almuerzo":[{"alimento":"Pollo al curry","cantidad":150,"unidad":"gramos","calorias":250,"proteinas":30,"carbohidratos":5,"grasas":12},{"alimento":"Arroz basmati","cantidad":1,"unidad":"taza","calorias":220,"proteinas":4,"carbohidratos":45,"grasas":2},{"alimento":"Ensalada de garbanzos","cantidad":1,"unidad":"porcion","calorias":100,"proteinas":5,"carbohidratos":15,"grasas":2}],"merienda":[{"alimento":"Batido de prote\\u00ednas sin lactosa","cantidad":1,"unidad":"vaso","calorias":150,"proteinas":20,"carbohidratos":10,"grasas":5}],"cena":[{"alimento":"Salm\\u00f3n al horno","cantidad":150,"unidad":"gramos","calorias":250,"proteinas":25,"carbohidratos":0,"grasas":16}],"notas":""},"domingo":{"desayuno":[{"alimento":"Huevos","cantidad":2,"unidad":"unidades","calorias":140,"proteinas":12,"carbohidratos":1,"grasas":10}],"media_manana":[{"alimento":"Fruta fresca","cantidad":1,"unidad":"unidad","calorias":50,"proteinas":1,"carbohidratos":12,"grasas":0}],"almuerzo":[{"alimento":"Pechuga de pollo a la plancha","cantidad":150,"unidad":"gramos","calorias":200,"proteinas":30,"carbohidratos":0,"grasas":8},{"alimento":"Quinoa","cantidad":1,"unidad":"taza","calorias":220,"proteinas":8,"carbohidratos":39,"grasas":4},{"alimento":"Verduras al vapor","cantidad":1,"unidad":"porcion","calorias":50,"proteinas":2,"carbohidratos":10,"grasas":0}],"merienda":[{"alimento":"Yogur sin lactosa","cantidad":1,"unidad":"envase","calorias":100,"proteinas":6,"carbohidratos":12,"grasas":3}],"cena":[{"alimento":"Tortilla de espinacas","cantidad":1,"unidad":"porcion","calorias":200,"proteinas":12,"carbohidratos":10,"grasas":10}],"notas":""},"recomendaciones":{"generales":"Realizar actividad f\\u00edsica regular para potenciar el desarrollo muscular. Consumir suficiente agua durante el d\\u00eda.","suplementacion":"Se recomienda la suplementaci\\u00f3n con prote\\u00ednas en polvo si la ingesta de prote\\u00ednas a trav\\u00e9s de la dieta es insuficiente.","hidratacion":"Beber al menos 2 litros de agua al d\\u00eda para mantener una adecuada hidrataci\\u00f3n."},"lista_compras":["Huevos","Yogur sin lactosa","Pollo","Arroz integral","Vegetales","Frutos secos","Salm\\u00f3n","Avena","Pl\\u00e1tano","Batido de prote\\u00ednas","Carne magra","Quinoa","Ensalada verde","Tortilla de espinacas","Pan integral","Aguacate","Fruta fresca","Pechuga de pavo","Pasta integral","Br\\u00f3coli","Smoothie de frutas","At\\u00fan en lata","Tostadas de centeno","Mantequilla de almendra","Tofu","Couscous","Verduras","Hamburguesa de lentejas","Granola","Pollo al curry","Arroz basmati","Ensalada de garbanzos","Garbanzos","Pechuga de pollo","Quinoa","Verduras"]}', '["Huevos","Yogur sin lactosa","Pollo","Arroz integral","Vegetales","Frutos secos","Salm\\u00f3n","Avena","Pl\\u00e1tano","Batido de prote\\u00ednas","Carne magra","Quinoa","Ensalada verde","Tortilla de espinacas","Pan integral","Aguacate","Fruta fresca","Pechuga de pavo","Pasta integral","Br\\u00f3coli","Smoothie de frutas","At\\u00fan en lata","Tostadas de centeno","Mantequilla de almendra","Tofu","Couscous","Verduras","Hamburguesa de lentejas","Granola","Pollo al curry","Arroz basmati","Ensalada de garbanzos","Garbanzos","Pechuga de pollo","Quinoa","Verduras"]', '{"generales":"Realizar actividad f\\u00edsica regular para potenciar el desarrollo muscular. Consumir suficiente agua durante el d\\u00eda.","suplementacion":"Se recomienda la suplementaci\\u00f3n con prote\\u00ednas en polvo si la ingesta de prote\\u00ednas a trav\\u00e9s de la dieta es insuficiente.","hidratacion":"Beber al menos 2 litros de agua al d\\u00eda para mantener una adecuada hidrataci\\u00f3n."}', '2024-11-18 05:02:20'),
	(3, 9, 4, '{"datos_nutricion":{"calorias_diarias":2000,"distribucion_macros":{"proteinas":"30%","carbohidratos":"40%","grasas":"30%"}},"lunes":{"desayuno":[{"alimento":"Huevos","cantidad":2,"unidad":"unidades","calorias":140,"proteinas":12,"carbohidratos":1,"grasas":10}],"media_manana":[{"alimento":"Yogur sin lactosa","cantidad":1,"unidad":"envase","calorias":100,"proteinas":6,"carbohidratos":12,"grasas":3}],"almuerzo":[{"alimento":"Pollo a la plancha","cantidad":150,"unidad":"gramos","calorias":200,"proteinas":30,"carbohidratos":0,"grasas":8},{"alimento":"Arroz integral","cantidad":1,"unidad":"taza","calorias":200,"proteinas":5,"carbohidratos":45,"grasas":1},{"alimento":"Vegetales al vapor","cantidad":1,"unidad":"porcion","calorias":50,"proteinas":2,"carbohidratos":10,"grasas":0}],"merienda":[{"alimento":"Frutos secos","cantidad":30,"unidad":"gramos","calorias":180,"proteinas":4,"carbohidratos":6,"grasas":15}],"cena":[{"alimento":"Salm\\u00f3n al horno","cantidad":150,"unidad":"gramos","calorias":250,"proteinas":25,"carbohidratos":0,"grasas":16}],"notas":""},"martes":{"desayuno":[{"alimento":"Avena","cantidad":40,"unidad":"gramos","calorias":150,"proteinas":5,"carbohidratos":25,"grasas":3},{"alimento":"Pl\\u00e1tano","cantidad":1,"unidad":"unidad","calorias":100,"proteinas":1,"carbohidratos":27,"grasas":0}],"media_manana":[{"alimento":"Batido de prote\\u00ednas sin lactosa","cantidad":1,"unidad":"vaso","calorias":150,"proteinas":20,"carbohidratos":10,"grasas":5}],"almuerzo":[{"alimento":"Carne magra a la plancha","cantidad":150,"unidad":"gramos","calorias":200,"proteinas":30,"carbohidratos":0,"grasas":8},{"alimento":"Quinoa","cantidad":1,"unidad":"taza","calorias":220,"proteinas":8,"carbohidratos":39,"grasas":4},{"alimento":"Ensalada verde","cantidad":1,"unidad":"porcion","calorias":50,"proteinas":2,"carbohidratos":8,"grasas":1}],"merienda":[{"alimento":"Yogur sin lactosa","cantidad":1,"unidad":"envase","calorias":100,"proteinas":6,"carbohidratos":12,"grasas":3}],"cena":[{"alimento":"Tortilla de espinacas","cantidad":1,"unidad":"porcion","calorias":200,"proteinas":12,"carbohidratos":10,"grasas":10}],"notas":""},"miercoles":{"desayuno":[{"alimento":"Pan integral","cantidad":2,"unidad":"rebanadas","calorias":140,"proteinas":6,"carbohidratos":25,"grasas":2},{"alimento":"Aguacate","cantidad":0.5,"unidad":"unidad","calorias":120,"proteinas":2,"carbohidratos":6,"grasas":10}],"media_manana":[{"alimento":"Fruta fresca","cantidad":1,"unidad":"unidad","calorias":50,"proteinas":1,"carbohidratos":12,"grasas":0}],"almuerzo":[{"alimento":"Pechuga de pavo","cantidad":100,"unidad":"gramos","calorias":150,"proteinas":20,"carbohidratos":0,"grasas":7},{"alimento":"Pasta integral","cantidad":1,"unidad":"taza","calorias":220,"proteinas":8,"carbohidratos":45,"grasas":2},{"alimento":"Br\\u00f3coli al vapor","cantidad":1,"unidad":"porcion","calorias":50,"proteinas":3,"carbohidratos":6,"grasas":1}],"merienda":[{"alimento":"Smoothie de frutas","cantidad":1,"unidad":"vaso","calorias":150,"proteinas":2,"carbohidratos":35,"grasas":1}],"cena":[{"alimento":"At\\u00fan en lata","cantidad":1,"unidad":"lata","calorias":200,"proteinas":25,"carbohidratos":0,"grasas":10}],"notas":""},"jueves":{"desayuno":[{"alimento":"Huevos revueltos","cantidad":2,"unidad":"unidades","calorias":160,"proteinas":14,"carbohidratos":2,"grasas":11}],"media_manana":[{"alimento":"Nueces","cantidad":30,"unidad":"gramos","calorias":200,"proteinas":5,"carbohidratos":4,"grasas":18}],"almuerzo":[{"alimento":"Lentejas","cantidad":1,"unidad":"taza","calorias":200,"proteinas":18,"carbohidratos":35,"grasas":1},{"alimento":"Arroz blanco","cantidad":1,"unidad":"taza","calorias":200,"proteinas":4,"carbohidratos":45,"grasas":1},{"alimento":"Ensalada de tomate y pepino","cantidad":1,"unidad":"porcion","calorias":50,"proteinas":2,"carbohidratos":8,"grasas":1}],"merienda":[{"alimento":"Yogur sin lactosa","cantidad":1,"unidad":"envase","calorias":100,"proteinas":6,"carbohidratos":12,"grasas":3}],"cena":[{"alimento":"Pescado al horno","cantidad":150,"unidad":"gramos","calorias":200,"proteinas":25,"carbohidratos":0,"grasas":10}],"notas":""},"viernes":{"desayuno":[{"alimento":"Tostadas de centeno","cantidad":2,"unidad":"unidades","calorias":120,"proteinas":4,"carbohidratos":22,"grasas":2},{"alimento":"Mantequilla de almendra","cantidad":1,"unidad":"cucharada","calorias":90,"proteinas":3,"carbohidratos":3,"grasas":8}],"media_manana":[{"alimento":"Batido de prote\\u00ednas sin lactosa","cantidad":1,"unidad":"vaso","calorias":150,"proteinas":20,"carbohidratos":10,"grasas":5}],"almuerzo":[{"alimento":"Tofu a la plancha","cantidad":150,"unidad":"gramos","calorias":200,"proteinas":25,"carbohidratos":4,"grasas":10},{"alimento":"Couscous","cantidad":1,"unidad":"taza","calorias":220,"proteinas":8,"carbohidratos":45,"grasas":2},{"alimento":"Verduras salteadas","cantidad":1,"unidad":"porcion","calorias":80,"proteinas":3,"carbohidratos":14,"grasas":2}],"merienda":[{"alimento":"Fruta fresca","cantidad":1,"unidad":"unidad","calorias":50,"proteinas":1,"carbohidratos":12,"grasas":0}],"cena":[{"alimento":"Hamburguesa de lentejas","cantidad":1,"unidad":"unidad","calorias":250,"proteinas":20,"carbohidratos":30,"grasas":8}],"notas":""},"sabado":{"desayuno":[{"alimento":"Yogur sin lactosa","cantidad":1,"unidad":"envase","calorias":100,"proteinas":6,"carbohidratos":12,"grasas":3},{"alimento":"Granola sin man\\u00ed","cantidad":30,"unidad":"gramos","calorias":120,"proteinas":3,"carbohidratos":20,"grasas":4}],"media_manana":[{"alimento":"Frutos secos","cantidad":30,"unidad":"gramos","calorias":180,"proteinas":4,"carbohidratos":6,"grasas":15}],"almuerzo":[{"alimento":"Pollo al curry","cantidad":150,"unidad":"gramos","calorias":250,"proteinas":30,"carbohidratos":5,"grasas":12},{"alimento":"Arroz basmati","cantidad":1,"unidad":"taza","calorias":220,"proteinas":4,"carbohidratos":45,"grasas":2},{"alimento":"Ensalada de garbanzos","cantidad":1,"unidad":"porcion","calorias":100,"proteinas":5,"carbohidratos":15,"grasas":2}],"merienda":[{"alimento":"Batido de prote\\u00ednas sin lactosa","cantidad":1,"unidad":"vaso","calorias":150,"proteinas":20,"carbohidratos":10,"grasas":5}],"cena":[{"alimento":"Salm\\u00f3n al horno","cantidad":150,"unidad":"gramos","calorias":250,"proteinas":25,"carbohidratos":0,"grasas":16}],"notas":""},"domingo":{"desayuno":[{"alimento":"Huevos","cantidad":2,"unidad":"unidades","calorias":140,"proteinas":12,"carbohidratos":1,"grasas":10}],"media_manana":[{"alimento":"Fruta fresca","cantidad":1,"unidad":"unidad","calorias":50,"proteinas":1,"carbohidratos":12,"grasas":0}],"almuerzo":[{"alimento":"Pechuga de pollo a la plancha","cantidad":150,"unidad":"gramos","calorias":200,"proteinas":30,"carbohidratos":0,"grasas":8},{"alimento":"Quinoa","cantidad":1,"unidad":"taza","calorias":220,"proteinas":8,"carbohidratos":39,"grasas":4},{"alimento":"Verduras al vapor","cantidad":1,"unidad":"porcion","calorias":50,"proteinas":2,"carbohidratos":10,"grasas":0}],"merienda":[{"alimento":"Yogur sin lactosa","cantidad":1,"unidad":"envase","calorias":100,"proteinas":6,"carbohidratos":12,"grasas":3}],"cena":[{"alimento":"Tortilla de espinacas","cantidad":1,"unidad":"porcion","calorias":200,"proteinas":12,"carbohidratos":10,"grasas":10}],"notas":""},"recomendaciones":{"generales":"Realizar actividad f\\u00edsica regular para potenciar el desarrollo muscular. Consumir suficiente agua durante el d\\u00eda.","suplementacion":"Se recomienda la suplementaci\\u00f3n con prote\\u00ednas en polvo si la ingesta de prote\\u00ednas a trav\\u00e9s de la dieta es insuficiente.","hidratacion":"Beber al menos 2 litros de agua al d\\u00eda para mantener una adecuada hidrataci\\u00f3n."},"lista_compras":["Huevos","Yogur sin lactosa","Pollo","Arroz integral","Vegetales","Frutos secos","Salm\\u00f3n","Avena","Pl\\u00e1tano","Batido de prote\\u00ednas","Carne magra","Quinoa","Ensalada verde","Tortilla de espinacas","Pan integral","Aguacate","Fruta fresca","Pechuga de pavo","Pasta integral","Br\\u00f3coli","Smoothie de frutas","At\\u00fan en lata","Tostadas de centeno","Mantequilla de almendra","Tofu","Couscous","Verduras","Hamburguesa de lentejas","Granola","Pollo al curry","Arroz basmati","Ensalada de garbanzos","Garbanzos","Pechuga de pollo","Quinoa","Verduras"]}', 'Proteínas en polvo, plátano, avena, leche de almendras, pechuga de pollo, quinoa, vegetales variados, salmón, aguacate, nueces, yogur griego sin lactosa, almendras, claras de huevo, espinacas, arroz integral, ternera, batata, espárragos, fresas, leche de coco, hamburguesa de pavo, pan integral, huevo, lentejas, atún, tomate, pepino, piña, tofu, garbanzos, canela, semillas de chía.', '{"generales":"Realizar actividad f\\u00edsica regular para potenciar el desarrollo muscular. Consumir suficiente agua durante el d\\u00eda.","suplementacion":"Se recomienda la suplementaci\\u00f3n con prote\\u00ednas en polvo si la ingesta de prote\\u00ednas a trav\\u00e9s de la dieta es insuficiente.","hidratacion":"Beber al menos 2 litros de agua al d\\u00eda para mantener una adecuada hidrataci\\u00f3n."}', '2024-11-26 06:00:18'),
	(4, 9, 4, '{"datos_nutricion":{"calorias_diarias":2000,"distribucion_macros":{"proteinas":"30%","carbohidratos":"40%","grasas":"30%"}},"lunes":{"desayuno":[{"alimento":"Huevos","cantidad":2,"unidad":"unidades","calorias":140,"proteinas":12,"carbohidratos":1,"grasas":10}],"media_manana":[{"alimento":"Yogur sin lactosa","cantidad":1,"unidad":"envase","calorias":100,"proteinas":6,"carbohidratos":12,"grasas":3}],"almuerzo":[{"alimento":"Pollo a la plancha","cantidad":150,"unidad":"gramos","calorias":200,"proteinas":30,"carbohidratos":0,"grasas":8},{"alimento":"Arroz integral","cantidad":1,"unidad":"taza","calorias":200,"proteinas":5,"carbohidratos":45,"grasas":1},{"alimento":"Vegetales al vapor","cantidad":1,"unidad":"porcion","calorias":50,"proteinas":2,"carbohidratos":10,"grasas":0}],"merienda":[{"alimento":"Frutos secos","cantidad":30,"unidad":"gramos","calorias":180,"proteinas":4,"carbohidratos":6,"grasas":15}],"cena":[{"alimento":"Salm\\u00f3n al horno","cantidad":150,"unidad":"gramos","calorias":250,"proteinas":25,"carbohidratos":0,"grasas":16}],"notas":""},"martes":{"desayuno":[{"alimento":"Avena","cantidad":40,"unidad":"gramos","calorias":150,"proteinas":5,"carbohidratos":25,"grasas":3},{"alimento":"Pl\\u00e1tano","cantidad":1,"unidad":"unidad","calorias":100,"proteinas":1,"carbohidratos":27,"grasas":0}],"media_manana":[{"alimento":"Batido de prote\\u00ednas sin lactosa","cantidad":1,"unidad":"vaso","calorias":150,"proteinas":20,"carbohidratos":10,"grasas":5}],"almuerzo":[{"alimento":"Carne magra a la plancha","cantidad":150,"unidad":"gramos","calorias":200,"proteinas":30,"carbohidratos":0,"grasas":8},{"alimento":"Quinoa","cantidad":1,"unidad":"taza","calorias":220,"proteinas":8,"carbohidratos":39,"grasas":4},{"alimento":"Ensalada verde","cantidad":1,"unidad":"porcion","calorias":50,"proteinas":2,"carbohidratos":8,"grasas":1}],"merienda":[{"alimento":"Yogur sin lactosa","cantidad":1,"unidad":"envase","calorias":100,"proteinas":6,"carbohidratos":12,"grasas":3}],"cena":[{"alimento":"Tortilla de espinacas","cantidad":1,"unidad":"porcion","calorias":200,"proteinas":12,"carbohidratos":10,"grasas":10}],"notas":""},"miercoles":{"desayuno":[{"alimento":"Pan integral","cantidad":2,"unidad":"rebanadas","calorias":140,"proteinas":6,"carbohidratos":25,"grasas":2},{"alimento":"Aguacate","cantidad":0.5,"unidad":"unidad","calorias":120,"proteinas":2,"carbohidratos":6,"grasas":10}],"media_manana":[{"alimento":"Fruta fresca","cantidad":1,"unidad":"unidad","calorias":50,"proteinas":1,"carbohidratos":12,"grasas":0}],"almuerzo":[{"alimento":"Pechuga de pavo","cantidad":100,"unidad":"gramos","calorias":150,"proteinas":20,"carbohidratos":0,"grasas":7},{"alimento":"Pasta integral","cantidad":1,"unidad":"taza","calorias":220,"proteinas":8,"carbohidratos":45,"grasas":2},{"alimento":"Br\\u00f3coli al vapor","cantidad":1,"unidad":"porcion","calorias":50,"proteinas":3,"carbohidratos":6,"grasas":1}],"merienda":[{"alimento":"Smoothie de frutas","cantidad":1,"unidad":"vaso","calorias":150,"proteinas":2,"carbohidratos":35,"grasas":1}],"cena":[{"alimento":"At\\u00fan en lata","cantidad":1,"unidad":"lata","calorias":200,"proteinas":25,"carbohidratos":0,"grasas":10}],"notas":""},"jueves":{"desayuno":[{"alimento":"Huevos revueltos","cantidad":2,"unidad":"unidades","calorias":160,"proteinas":14,"carbohidratos":2,"grasas":11}],"media_manana":[{"alimento":"Nueces","cantidad":30,"unidad":"gramos","calorias":200,"proteinas":5,"carbohidratos":4,"grasas":18}],"almuerzo":[{"alimento":"Lentejas","cantidad":1,"unidad":"taza","calorias":200,"proteinas":18,"carbohidratos":35,"grasas":1},{"alimento":"Arroz blanco","cantidad":1,"unidad":"taza","calorias":200,"proteinas":4,"carbohidratos":45,"grasas":1},{"alimento":"Ensalada de tomate y pepino","cantidad":1,"unidad":"porcion","calorias":50,"proteinas":2,"carbohidratos":8,"grasas":1}],"merienda":[{"alimento":"Yogur sin lactosa","cantidad":1,"unidad":"envase","calorias":100,"proteinas":6,"carbohidratos":12,"grasas":3}],"cena":[{"alimento":"Pescado al horno","cantidad":150,"unidad":"gramos","calorias":200,"proteinas":25,"carbohidratos":0,"grasas":10}],"notas":""},"viernes":{"desayuno":[{"alimento":"Tostadas de centeno","cantidad":2,"unidad":"unidades","calorias":120,"proteinas":4,"carbohidratos":22,"grasas":2},{"alimento":"Mantequilla de almendra","cantidad":1,"unidad":"cucharada","calorias":90,"proteinas":3,"carbohidratos":3,"grasas":8}],"media_manana":[{"alimento":"Batido de prote\\u00ednas sin lactosa","cantidad":1,"unidad":"vaso","calorias":150,"proteinas":20,"carbohidratos":10,"grasas":5}],"almuerzo":[{"alimento":"Tofu a la plancha","cantidad":150,"unidad":"gramos","calorias":200,"proteinas":25,"carbohidratos":4,"grasas":10},{"alimento":"Couscous","cantidad":1,"unidad":"taza","calorias":220,"proteinas":8,"carbohidratos":45,"grasas":2},{"alimento":"Verduras salteadas","cantidad":1,"unidad":"porcion","calorias":80,"proteinas":3,"carbohidratos":14,"grasas":2}],"merienda":[{"alimento":"Fruta fresca","cantidad":1,"unidad":"unidad","calorias":50,"proteinas":1,"carbohidratos":12,"grasas":0}],"cena":[{"alimento":"Hamburguesa de lentejas","cantidad":1,"unidad":"unidad","calorias":250,"proteinas":20,"carbohidratos":30,"grasas":8}],"notas":""},"sabado":{"desayuno":[{"alimento":"Yogur sin lactosa","cantidad":1,"unidad":"envase","calorias":100,"proteinas":6,"carbohidratos":12,"grasas":3},{"alimento":"Granola sin man\\u00ed","cantidad":30,"unidad":"gramos","calorias":120,"proteinas":3,"carbohidratos":20,"grasas":4}],"media_manana":[{"alimento":"Frutos secos","cantidad":30,"unidad":"gramos","calorias":180,"proteinas":4,"carbohidratos":6,"grasas":15}],"almuerzo":[{"alimento":"Pollo al curry","cantidad":150,"unidad":"gramos","calorias":250,"proteinas":30,"carbohidratos":5,"grasas":12},{"alimento":"Arroz basmati","cantidad":1,"unidad":"taza","calorias":220,"proteinas":4,"carbohidratos":45,"grasas":2},{"alimento":"Ensalada de garbanzos","cantidad":1,"unidad":"porcion","calorias":100,"proteinas":5,"carbohidratos":15,"grasas":2}],"merienda":[{"alimento":"Batido de prote\\u00ednas sin lactosa","cantidad":1,"unidad":"vaso","calorias":150,"proteinas":20,"carbohidratos":10,"grasas":5}],"cena":[{"alimento":"Salm\\u00f3n al horno","cantidad":150,"unidad":"gramos","calorias":250,"proteinas":25,"carbohidratos":0,"grasas":16}],"notas":""},"domingo":{"desayuno":[{"alimento":"Huevos","cantidad":2,"unidad":"unidades","calorias":140,"proteinas":12,"carbohidratos":1,"grasas":10}],"media_manana":[{"alimento":"Fruta fresca","cantidad":1,"unidad":"unidad","calorias":50,"proteinas":1,"carbohidratos":12,"grasas":0}],"almuerzo":[{"alimento":"Pechuga de pollo a la plancha","cantidad":150,"unidad":"gramos","calorias":200,"proteinas":30,"carbohidratos":0,"grasas":8},{"alimento":"Quinoa","cantidad":1,"unidad":"taza","calorias":220,"proteinas":8,"carbohidratos":39,"grasas":4},{"alimento":"Verduras al vapor","cantidad":1,"unidad":"porcion","calorias":50,"proteinas":2,"carbohidratos":10,"grasas":0}],"merienda":[{"alimento":"Yogur sin lactosa","cantidad":1,"unidad":"envase","calorias":100,"proteinas":6,"carbohidratos":12,"grasas":3}],"cena":[{"alimento":"Tortilla de espinacas","cantidad":1,"unidad":"porcion","calorias":200,"proteinas":12,"carbohidratos":10,"grasas":10}],"notas":""},"recomendaciones":{"generales":"Realizar actividad f\\u00edsica regular para potenciar el desarrollo muscular. Consumir suficiente agua durante el d\\u00eda.","suplementacion":"Se recomienda la suplementaci\\u00f3n con prote\\u00ednas en polvo si la ingesta de prote\\u00ednas a trav\\u00e9s de la dieta es insuficiente.","hidratacion":"Beber al menos 2 litros de agua al d\\u00eda para mantener una adecuada hidrataci\\u00f3n."},"lista_compras":["Huevos","Yogur sin lactosa","Pollo","Arroz integral","Vegetales","Frutos secos","Salm\\u00f3n","Avena","Pl\\u00e1tano","Batido de prote\\u00ednas","Carne magra","Quinoa","Ensalada verde","Tortilla de espinacas","Pan integral","Aguacate","Fruta fresca","Pechuga de pavo","Pasta integral","Br\\u00f3coli","Smoothie de frutas","At\\u00fan en lata","Tostadas de centeno","Mantequilla de almendra","Tofu","Couscous","Verduras","Hamburguesa de lentejas","Granola","Pollo al curry","Arroz basmati","Ensalada de garbanzos","Garbanzos","Pechuga de pollo","Quinoa","Verduras"]}', '["Huevos","Yogur sin lactosa","Pollo","Arroz integral","Vegetales","Frutos secos","Salm\\u00f3n","Avena","Pl\\u00e1tano","Batido de prote\\u00ednas","Carne magra","Quinoa","Ensalada verde","Tortilla de espinacas","Pan integral","Aguacate","Fruta fresca","Pechuga de pavo","Pasta integral","Br\\u00f3coli","Smoothie de frutas","At\\u00fan en lata","Tostadas de centeno","Mantequilla de almendra","Tofu","Couscous","Verduras","Hamburguesa de lentejas","Granola","Pollo al curry","Arroz basmati","Ensalada de garbanzos","Garbanzos","Pechuga de pollo","Quinoa","Verduras"]', '{"generales":"Realizar actividad f\\u00edsica regular para potenciar el desarrollo muscular. Consumir suficiente agua durante el d\\u00eda.","suplementacion":"Se recomienda la suplementaci\\u00f3n con prote\\u00ednas en polvo si la ingesta de prote\\u00ednas a trav\\u00e9s de la dieta es insuficiente.","hidratacion":"Beber al menos 2 litros de agua al d\\u00eda para mantener una adecuada hidrataci\\u00f3n."}', '2024-11-26 06:02:32'),
	(5, 64, 4, '{"datos_nutricion":{"calorias_diarias":2000,"distribucion_macros":{"proteinas":"30%","carbohidratos":"40%","grasas":"30%"}},"lunes":{"desayuno":[{"alimento":"Batido de prote\\u00ednas","cantidad":1,"unidad":"porci\\u00f3n","calorias":250,"proteinas":30,"carbohidratos":15,"grasas":8}],"media_manana":[{"alimento":"Yogur griego","cantidad":1,"unidad":"envase","calorias":120,"proteinas":10,"carbohidratos":8,"grasas":5}],"almuerzo":[{"alimento":"Pechuga de pollo a la plancha","cantidad":1,"unidad":"porci\\u00f3n","calorias":200,"proteinas":25,"carbohidratos":0,"grasas":10}],"merienda":[{"alimento":"Frutos secos","cantidad":30,"unidad":"gramos","calorias":150,"proteinas":5,"carbohidratos":10,"grasas":12}],"cena":[{"alimento":"Salm\\u00f3n al horno","cantidad":1,"unidad":"filete","calorias":300,"proteinas":20,"carbohidratos":0,"grasas":25}],"notas":""},"martes":{"desayuno":[{"alimento":"Avena con pl\\u00e1tano","cantidad":1,"unidad":"taz\\u00f3n","calorias":300,"proteinas":10,"carbohidratos":50,"grasas":5}],"media_manana":[{"alimento":"Huevos revueltos","cantidad":2,"unidad":"unidades","calorias":180,"proteinas":12,"carbohidratos":2,"grasas":14}],"almuerzo":[{"alimento":"Arroz integral con pollo","cantidad":1,"unidad":"porci\\u00f3n","calorias":350,"proteinas":30,"carbohidratos":40,"grasas":8}],"merienda":[{"alimento":"Batido de frutas con prote\\u00ednas","cantidad":1,"unidad":"vaso","calorias":200,"proteinas":20,"carbohidratos":30,"grasas":5}],"cena":[{"alimento":"Ensalada de quinoa","cantidad":1,"unidad":"plato","calorias":250,"proteinas":10,"carbohidratos":30,"grasas":8}],"notas":""},"miercoles":{"desayuno":[{"alimento":"Tortilla de espinacas","cantidad":1,"unidad":"porci\\u00f3n","calorias":200,"proteinas":15,"carbohidratos":5,"grasas":12}],"media_manana":[{"alimento":"Batido de prote\\u00ednas","cantidad":1,"unidad":"porci\\u00f3n","calorias":250,"proteinas":30,"carbohidratos":15,"grasas":8}],"almuerzo":[{"alimento":"Lentejas con arroz","cantidad":1,"unidad":"porci\\u00f3n","calorias":300,"proteinas":20,"carbohidratos":50,"grasas":5}],"merienda":[{"alimento":"Yogur con frutos rojos","cantidad":1,"unidad":"envase","calorias":150,"proteinas":8,"carbohidratos":20,"grasas":5}],"cena":[{"alimento":"Filete de ternera a la plancha","cantidad":1,"unidad":"porci\\u00f3n","calorias":280,"proteinas":25,"carbohidratos":0,"grasas":18}],"notas":""},"jueves":{"desayuno":[{"alimento":"Batido de frutas con prote\\u00ednas","cantidad":1,"unidad":"vaso","calorias":200,"proteinas":20,"carbohidratos":30,"grasas":5}],"media_manana":[{"alimento":"Yogur griego","cantidad":1,"unidad":"envase","calorias":120,"proteinas":10,"carbohidratos":8,"grasas":5}],"almuerzo":[{"alimento":"Pechuga de pavo al horno","cantidad":1,"unidad":"porci\\u00f3n","calorias":180,"proteinas":25,"carbohidratos":2,"grasas":8}],"merienda":[{"alimento":"Barritas de cereales","cantidad":2,"unidad":"unidades","calorias":150,"proteinas":3,"carbohidratos":25,"grasas":5}],"cena":[{"alimento":"Salm\\u00f3n al horno","cantidad":1,"unidad":"filete","calorias":300,"proteinas":20,"carbohidratos":0,"grasas":25}],"notas":""},"viernes":{"desayuno":[{"alimento":"Tostadas integrales con aguacate","cantidad":2,"unidad":"unidades","calorias":250,"proteinas":5,"carbohidratos":30,"grasas":15}],"media_manana":[{"alimento":"Frutos secos","cantidad":30,"unidad":"gramos","calorias":150,"proteinas":5,"carbohidratos":10,"grasas":12}],"almuerzo":[{"alimento":"Pollo al curry con quinoa","cantidad":1,"unidad":"porci\\u00f3n","calorias":350,"proteinas":25,"carbohidratos":40,"grasas":10}],"merienda":[{"alimento":"Batido de prote\\u00ednas","cantidad":1,"unidad":"porci\\u00f3n","calorias":250,"proteinas":30,"carbohidratos":15,"grasas":8}],"cena":[{"alimento":"Ensalada de garbanzos","cantidad":1,"unidad":"plato","calorias":280,"proteinas":10,"carbohidratos":40,"grasas":10}],"notas":""},"sabado":{"desayuno":[{"alimento":"Huevos revueltos con espinacas","cantidad":2,"unidad":"unidades","calorias":200,"proteinas":15,"carbohidratos":5,"grasas":14}],"media_manana":[{"alimento":"Yogur con frutos rojos","cantidad":1,"unidad":"envase","calorias":150,"proteinas":8,"carbohidratos":20,"grasas":5}],"almuerzo":[{"alimento":"Salm\\u00f3n al horno","cantidad":1,"unidad":"filete","calorias":300,"proteinas":20,"carbohidratos":0,"grasas":25}],"merienda":[{"alimento":"Batido de frutas con prote\\u00ednas","cantidad":1,"unidad":"vaso","calorias":200,"proteinas":20,"carbohidratos":30,"grasas":5}],"cena":[{"alimento":"Pechuga de pollo a la plancha","cantidad":1,"unidad":"porci\\u00f3n","calorias":200,"proteinas":25,"carbohidratos":0,"grasas":10}],"notas":""},"domingo":{"desayuno":[{"alimento":"Avena con pl\\u00e1tano","cantidad":1,"unidad":"taz\\u00f3n","calorias":300,"proteinas":10,"carbohidratos":50,"grasas":5}],"media_manana":[{"alimento":"Batido de prote\\u00ednas","cantidad":1,"unidad":"porci\\u00f3n","calorias":250,"proteinas":30,"carbohidratos":15,"grasas":8}],"almuerzo":[{"alimento":"Lentejas con arroz","cantidad":1,"unidad":"porci\\u00f3n","calorias":300,"proteinas":20,"carbohidratos":50,"grasas":5}],"merienda":[{"alimento":"Frutos secos","cantidad":30,"unidad":"gramos","calorias":150,"proteinas":5,"carbohidratos":10,"grasas":12}],"cena":[{"alimento":"Filete de ternera a la plancha","cantidad":1,"unidad":"porci\\u00f3n","calorias":280,"proteinas":25,"carbohidratos":0,"grasas":18}],"notas":""},"recomendaciones":{"generales":"Realizar al menos 30 minutos de ejercicio al d\\u00eda.","suplementacion":"Considerar suplementos de prote\\u00ednas si la ingesta no es suficiente.","hidratacion":"Beber al menos 2 litros de agua al d\\u00eda."},"lista_compras":["Batido de prote\\u00ednas","Yogur griego","Pechuga de pollo","Frutos secos","Salm\\u00f3n","Avena","Pl\\u00e1tano","Huevos","Arroz integral","Quinoa","Espinacas","Lentejas","Pavo","Barritas de cereales","Tostadas integrales","Aguacate","Pollo","Garbanzos"]}', '["Batido de prote\\u00ednas","Yogur griego","Pechuga de pollo","Frutos secos","Salm\\u00f3n","Avena","Pl\\u00e1tano","Huevos","Arroz integral","Quinoa","Espinacas","Lentejas","Pavo","Barritas de cereales","Tostadas integrales","Aguacate","Pollo","Garbanzos"]', '{"generales":"Realizar al menos 30 minutos de ejercicio al d\\u00eda.","suplementacion":"Considerar suplementos de prote\\u00ednas si la ingesta no es suficiente.","hidratacion":"Beber al menos 2 litros de agua al d\\u00eda."}', '2024-11-28 06:54:38'),
	(6, 69, 4, '{"datos_nutricion":{"calorias_diarias":2000,"distribucion_macros":{"proteinas":"30%","carbohidratos":"40%","grasas":"30%"}},"lunes":{"desayuno":[{"alimento":"Batido de prote\\u00ednas","cantidad":1,"unidad":"porci\\u00f3n","calorias":250,"proteinas":30,"carbohidratos":15,"grasas":8}],"media_manana":[{"alimento":"Yogur griego","cantidad":1,"unidad":"envase","calorias":150,"proteinas":10,"carbohidratos":15,"grasas":6}],"almuerzo":[{"alimento":"Pechuga de pollo","cantidad":1,"unidad":"filete","calorias":200,"proteinas":25,"carbohidratos":0,"grasas":10}],"merienda":[{"alimento":"Frutos secos","cantidad":30,"unidad":"gramos","calorias":180,"proteinas":5,"carbohidratos":7,"grasas":15}],"cena":[{"alimento":"Salm\\u00f3n","cantidad":1,"unidad":"filete","calorias":250,"proteinas":25,"carbohidratos":0,"grasas":15}],"notas":""},"martes":{"desayuno":[{"alimento":"Huevos revueltos","cantidad":2,"unidad":"unidades","calorias":200,"proteinas":12,"carbohidratos":4,"grasas":15}],"media_manana":[{"alimento":"Batata","cantidad":1,"unidad":"unidad","calorias":100,"proteinas":2,"carbohidratos":20,"grasas":0}],"almuerzo":[{"alimento":"Arroz integral","cantidad":1,"unidad":"taza","calorias":150,"proteinas":3,"carbohidratos":30,"grasas":1}],"merienda":[{"alimento":"Pl\\u00e1tano","cantidad":1,"unidad":"unidad","calorias":100,"proteinas":1,"carbohidratos":25,"grasas":0}],"cena":[{"alimento":"Ternera","cantidad":1,"unidad":"filete","calorias":300,"proteinas":30,"carbohidratos":0,"grasas":20}],"notas":""},"miercoles":{"desayuno":[{"alimento":"Avena","cantidad":50,"unidad":"gramos","calorias":200,"proteinas":5,"carbohidratos":35,"grasas":3}],"media_manana":[{"alimento":"Manzana","cantidad":1,"unidad":"unidad","calorias":50,"proteinas":0,"carbohidratos":15,"grasas":0}],"almuerzo":[{"alimento":"Lentejas","cantidad":1,"unidad":"taza","calorias":200,"proteinas":18,"carbohidratos":30,"grasas":1}],"merienda":[{"alimento":"Queso cottage","cantidad":100,"unidad":"gramos","calorias":120,"proteinas":15,"carbohidratos":5,"grasas":3}],"cena":[{"alimento":"Pavo","cantidad":100,"unidad":"gramos","calorias":150,"proteinas":20,"carbohidratos":0,"grasas":7}],"notas":""},"jueves":{"desayuno":[{"alimento":"Tortilla de espinacas","cantidad":1,"unidad":"porci\\u00f3n","calorias":250,"proteinas":15,"carbohidratos":10,"grasas":18}],"media_manana":[{"alimento":"Nueces","cantidad":30,"unidad":"gramos","calorias":200,"proteinas":5,"carbohidratos":4,"grasas":15}],"almuerzo":[{"alimento":"Quinoa","cantidad":50,"unidad":"gramos","calorias":150,"proteinas":5,"carbohidratos":25,"grasas":3}],"merienda":[{"alimento":"Yogur natural","cantidad":1,"unidad":"envase","calorias":100,"proteinas":8,"carbohidratos":10,"grasas":3}],"cena":[{"alimento":"At\\u00fan","cantidad":1,"unidad":"lata","calorias":200,"proteinas":25,"carbohidratos":0,"grasas":10}],"notas":""},"viernes":{"desayuno":[{"alimento":"Batido de frutas y prote\\u00ednas","cantidad":1,"unidad":"vaso","calorias":300,"proteinas":20,"carbohidratos":40,"grasas":5}],"media_manana":[{"alimento":"Almendras","cantidad":20,"unidad":"gramos","calorias":150,"proteinas":5,"carbohidratos":4,"grasas":12}],"almuerzo":[{"alimento":"Sardinas","cantidad":1,"unidad":"lata","calorias":200,"proteinas":25,"carbohidratos":0,"grasas":10}],"merienda":[{"alimento":"Pera","cantidad":1,"unidad":"unidad","calorias":50,"proteinas":0,"carbohidratos":15,"grasas":0}],"cena":[{"alimento":"Garbanzos","cantidad":1,"unidad":"taza","calorias":250,"proteinas":10,"carbohidratos":45,"grasas":5}],"notas":""},"sabado":{"desayuno":[{"alimento":"Tostadas integrales con aguacate","cantidad":2,"unidad":"unidades","calorias":300,"proteinas":8,"carbohidratos":40,"grasas":15}],"media_manana":[{"alimento":"Pistachos","cantidad":30,"unidad":"gramos","calorias":200,"proteinas":6,"carbohidratos":8,"grasas":15}],"almuerzo":[{"alimento":"Pechuga de pavo","cantidad":1,"unidad":"filete","calorias":200,"proteinas":25,"carbohidratos":0,"grasas":10}],"merienda":[{"alimento":"Zumo de naranja","cantidad":1,"unidad":"vaso","calorias":100,"proteinas":2,"carbohidratos":25,"grasas":1}],"cena":[{"alimento":"Salteado de verduras con tofu","cantidad":1,"unidad":"porci\\u00f3n","calorias":250,"proteinas":15,"carbohidratos":20,"grasas":12}],"notas":""},"domingo":{"desayuno":[{"alimento":"Tortitas de avena","cantidad":2,"unidad":"unidades","calorias":250,"proteinas":10,"carbohidratos":30,"grasas":10}],"media_manana":[{"alimento":"Yogur de soja","cantidad":1,"unidad":"envase","calorias":150,"proteinas":8,"carbohidratos":10,"grasas":6}],"almuerzo":[{"alimento":"Lomo de cerdo","cantidad":100,"unidad":"gramos","calorias":200,"proteinas":25,"carbohidratos":0,"grasas":12}],"merienda":[{"alimento":"Kiwi","cantidad":1,"unidad":"unidad","calorias":50,"proteinas":1,"carbohidratos":10,"grasas":0}],"cena":[{"alimento":"Ensalada de salm\\u00f3n","cantidad":1,"unidad":"porci\\u00f3n","calorias":300,"proteinas":20,"carbohidratos":10,"grasas":18}],"notas":""},"recomendaciones":{"generales":"Mantenerse hidratado durante el d\\u00eda, realizar ejercicio de fuerza para potenciar el desarrollo muscular.","suplementacion":"Se recomienda suplementar con prote\\u00edna en polvo si no se llega a cubrir la ingesta diaria necesaria.","hidratacion":"Beber al menos 2 litros de agua al d\\u00eda."},"lista_compras":["Batido de prote\\u00ednas","Yogur griego","Pechuga de pollo","Frutos secos","Salm\\u00f3n","Huevos","Batata","Arroz integral","Pl\\u00e1tano","Ternera","Avena","Manzana","Lentejas","Queso cottage","Pavo","Tortilla de espinacas","Nueces","Quinoa","Yogur natural","At\\u00fan","Batido de frutas y prote\\u00ednas","Almendras","Sardinas","Pera","Garbanzos","Tostadas integrales","Aguacate","Pistachos","Tofu","Zumo de naranja","Salteado de verduras","Tortitas de avena","Yogur de soja","Lomo de cerdo","Kiwi","Ensalada de salm\\u00f3n"]}', '["Batido de prote\\u00ednas","Yogur griego","Pechuga de pollo","Frutos secos","Salm\\u00f3n","Huevos","Batata","Arroz integral","Pl\\u00e1tano","Ternera","Avena","Manzana","Lentejas","Queso cottage","Pavo","Tortilla de espinacas","Nueces","Quinoa","Yogur natural","At\\u00fan","Batido de frutas y prote\\u00ednas","Almendras","Sardinas","Pera","Garbanzos","Tostadas integrales","Aguacate","Pistachos","Tofu","Zumo de naranja","Salteado de verduras","Tortitas de avena","Yogur de soja","Lomo de cerdo","Kiwi","Ensalada de salm\\u00f3n"]', '{"generales":"Mantenerse hidratado durante el d\\u00eda, realizar ejercicio de fuerza para potenciar el desarrollo muscular.","suplementacion":"Se recomienda suplementar con prote\\u00edna en polvo si no se llega a cubrir la ingesta diaria necesaria.","hidratacion":"Beber al menos 2 litros de agua al d\\u00eda."}', '2024-12-02 19:00:52'),
	(7, 64, 4, '{"datos_nutricion":{"calorias_diarias":2000,"distribucion_macros":{"proteinas":"30%","carbohidratos":"40%","grasas":"30%"}},"lunes":{"desayuno":[{"alimento":"Huevos","cantidad":2,"unidad":"unidad","calorias":140,"proteinas":12,"carbohidratos":1,"grasas":10}],"media_manana":[{"alimento":"Yogur","cantidad":150,"unidad":"g","calorias":100,"proteinas":5,"carbohidratos":15,"grasas":2}],"almuerzo":[{"alimento":"Pechuga de pollo","cantidad":150,"unidad":"g","calorias":165,"proteinas":30,"carbohidratos":0,"grasas":3},{"alimento":"Arroz integral","cantidad":100,"unidad":"g","calorias":130,"proteinas":3,"carbohidratos":28,"grasas":0.5},{"alimento":"Vegetales al vapor","cantidad":150,"unidad":"g","calorias":50,"proteinas":2,"carbohidratos":10,"grasas":0}],"merienda":[{"alimento":"Nueces","cantidad":30,"unidad":"g","calorias":200,"proteinas":5,"carbohidratos":3,"grasas":20}],"cena":[{"alimento":"Salm\\u00f3n","cantidad":150,"unidad":"g","calorias":210,"proteinas":25,"carbohidratos":0,"grasas":12}],"notas":""},"martes":{"desayuno":[{"alimento":"Avena","cantidad":40,"unidad":"g","calorias":150,"proteinas":6,"carbohidratos":27,"grasas":3},{"alimento":"Pl\\u00e1tano","cantidad":1,"unidad":"unidad","calorias":100,"proteinas":1,"carbohidratos":27,"grasas":0.5}],"media_manana":[{"alimento":"Batido de prote\\u00ednas","cantidad":1,"unidad":"unidad","calorias":150,"proteinas":25,"carbohidratos":8,"grasas":3}],"almuerzo":[{"alimento":"Ternera","cantidad":150,"unidad":"g","calorias":220,"proteinas":30,"carbohidratos":0,"grasas":10},{"alimento":"Quinoa","cantidad":80,"unidad":"g","calorias":120,"proteinas":4,"carbohidratos":21,"grasas":2},{"alimento":"Ensalada","cantidad":150,"unidad":"g","calorias":50,"proteinas":2,"carbohidratos":10,"grasas":0}],"merienda":[{"alimento":"Yogur griego","cantidad":150,"unidad":"g","calorias":120,"proteinas":10,"carbohidratos":5,"grasas":6}],"cena":[{"alimento":"Filete de pavo","cantidad":150,"unidad":"g","calorias":180,"proteinas":30,"carbohidratos":0,"grasas":7}],"notas":""},"miercoles":{"desayuno":[{"alimento":"Huevos revueltos","cantidad":2,"unidad":"unidad","calorias":180,"proteinas":14,"carbohidratos":2,"grasas":12}],"media_manana":[{"alimento":"Frutos secos","cantidad":30,"unidad":"g","calorias":180,"proteinas":5,"carbohidratos":8,"grasas":15}],"almuerzo":[{"alimento":"Pescado blanco","cantidad":150,"unidad":"g","calorias":200,"proteinas":25,"carbohidratos":0,"grasas":10},{"alimento":"Patata asada","cantidad":150,"unidad":"g","calorias":150,"proteinas":2,"carbohidratos":35,"grasas":0.5},{"alimento":"Br\\u00f3coli al vapor","cantidad":150,"unidad":"g","calorias":50,"proteinas":2,"carbohidratos":10,"grasas":0}],"merienda":[{"alimento":"Barrita de prote\\u00ednas","cantidad":1,"unidad":"unidad","calorias":200,"proteinas":20,"carbohidratos":15,"grasas":8}],"cena":[{"alimento":"Tofu","cantidad":150,"unidad":"g","calorias":160,"proteinas":20,"carbohidratos":5,"grasas":8}],"notas":""},"jueves":{"desayuno":[{"alimento":"Batido de leche y pl\\u00e1tano","cantidad":1,"unidad":"vaso","calorias":200,"proteinas":10,"carbohidratos":30,"grasas":5}],"media_manana":[{"alimento":"Manzana","cantidad":1,"unidad":"unidad","calorias":50,"proteinas":0,"carbohidratos":15,"grasas":0.5}],"almuerzo":[{"alimento":"Pollo asado","cantidad":150,"unidad":"g","calorias":200,"proteinas":30,"carbohidratos":0,"grasas":8},{"alimento":"Arroz salvaje","cantidad":100,"unidad":"g","calorias":120,"proteinas":3,"carbohidratos":25,"grasas":0.5},{"alimento":"Verduras salteadas","cantidad":150,"unidad":"g","calorias":70,"proteinas":2,"carbohidratos":12,"grasas":1}],"merienda":[{"alimento":"Yogur con miel","cantidad":150,"unidad":"g","calorias":130,"proteinas":7,"carbohidratos":15,"grasas":5}],"cena":[{"alimento":"Hamburguesa de pavo","cantidad":1,"unidad":"unidad","calorias":250,"proteinas":25,"carbohidratos":10,"grasas":12}],"notas":""},"viernes":{"desayuno":[{"alimento":"Tortilla de espinacas","cantidad":1,"unidad":"unidad","calorias":200,"proteinas":10,"carbohidratos":5,"grasas":15}],"media_manana":[{"alimento":"Batido de frutas","cantidad":1,"unidad":"vaso","calorias":100,"proteinas":2,"carbohidratos":20,"grasas":1}],"almuerzo":[{"alimento":"Lentejas","cantidad":150,"unidad":"g","calorias":200,"proteinas":15,"carbohidratos":30,"grasas":3},{"alimento":"Arroz basmati","cantidad":100,"unidad":"g","calorias":130,"proteinas":3,"carbohidratos":28,"grasas":0.5},{"alimento":"Ensalada de garbanzos","cantidad":150,"unidad":"g","calorias":100,"proteinas":5,"carbohidratos":15,"grasas":2}],"merienda":[{"alimento":"Batido de prote\\u00ednas","cantidad":1,"unidad":"unidad","calorias":150,"proteinas":25,"carbohidratos":8,"grasas":3}],"cena":[{"alimento":"Sardinas a la plancha","cantidad":150,"unidad":"g","calorias":180,"proteinas":20,"carbohidratos":0,"grasas":10}],"notas":""},"sabado":{"desayuno":[{"alimento":"Pan integral con aguacate","cantidad":2,"unidad":"rebanadas","calorias":250,"proteinas":5,"carbohidratos":30,"grasas":12}],"media_manana":[{"alimento":"Frutos rojos","cantidad":100,"unidad":"g","calorias":50,"proteinas":1,"carbohidratos":10,"grasas":0.5}],"almuerzo":[{"alimento":"Garbanzos con espinacas","cantidad":150,"unidad":"g","calorias":250,"proteinas":10,"carbohidratos":30,"grasas":10},{"alimento":"Patata cocida","cantidad":150,"unidad":"g","calorias":120,"proteinas":2,"carbohidratos":28,"grasas":0.5},{"alimento":"Zanahorias al vapor","cantidad":150,"unidad":"g","calorias":50,"proteinas":1,"carbohidratos":10,"grasas":0}],"merienda":[{"alimento":"Yogur con nueces","cantidad":150,"unidad":"g","calorias":200,"proteinas":8,"carbohidratos":10,"grasas":15}],"cena":[{"alimento":"Tortilla francesa","cantidad":2,"unidad":"unidad","calorias":200,"proteinas":12,"carbohidratos":2,"grasas":15}],"notas":""},"domingo":{"desayuno":[{"alimento":"Muesli con leche","cantidad":40,"unidad":"g","calorias":200,"proteinas":8,"carbohidratos":30,"grasas":6}],"media_manana":[{"alimento":"Kiwi","cantidad":1,"unidad":"unidad","calorias":50,"proteinas":1,"carbohidratos":10,"grasas":0.5}],"almuerzo":[{"alimento":"Pechuga de pavo","cantidad":150,"unidad":"g","calorias":180,"proteinas":30,"carbohidratos":0,"grasas":7},{"alimento":"Cous cous","cantidad":100,"unidad":"g","calorias":130,"proteinas":3,"carbohidratos":28,"grasas":0.5},{"alimento":"Ensalada de quinoa","cantidad":150,"unidad":"g","calorias":100,"proteinas":5,"carbohidratos":15,"grasas":2}],"merienda":[{"alimento":"Batido de prote\\u00ednas","cantidad":1,"unidad":"unidad","calorias":150,"proteinas":25,"carbohidratos":8,"grasas":3}],"cena":[{"alimento":"Salm\\u00f3n al horno","cantidad":150,"unidad":"g","calorias":210,"proteinas":25,"carbohidratos":0,"grasas":12}],"notas":""},"recomendaciones":{"generales":"Realizar ejercicio de fuerza para potenciar el desarrollo muscular.","suplementacion":"Se recomienda la suplementaci\\u00f3n con prote\\u00edna en polvo para asegurar el aporte necesario.","hidratacion":"Mantenerse bien hidratado, beber al menos 2 litros de agua al d\\u00eda."},"lista_compras":["Huevos","Yogur","Pechuga de pollo","Arroz integral","Vegetales","Nueces","Salm\\u00f3n","Avena","Pl\\u00e1tano","Batido de prote\\u00ednas","Ternera","Quinoa","Ensalada","Yogur griego","Filete de pavo","Huevos revueltos","Frutos secos","Pescado blanco","Patata","Br\\u00f3coli","Barrita de prote\\u00ednas","Tofu","Batido de leche","Manzana","Pollo asado","Arroz salvaje","Verduras","Yogur con miel","Hamburguesa de pavo","Tortilla de espinacas","Batido de frutas","Lentejas","Arroz basmati","Ensalada de garbanzos","Sardinas","Pan integral","Aguacate","Frutos rojos","Garbanzos","Espinacas","Zanahorias","Tortilla francesa","Muesli","Kiwi","Pechuga de pavo","Cous cous","Ensalada de quinoa","Salm\\u00f3n al horno","Prote\\u00edna en polvo"]}', '["Huevos","Yogur","Pechuga de pollo","Arroz integral","Vegetales","Nueces","Salm\\u00f3n","Avena","Pl\\u00e1tano","Batido de prote\\u00ednas","Ternera","Quinoa","Ensalada","Yogur griego","Filete de pavo","Huevos revueltos","Frutos secos","Pescado blanco","Patata","Br\\u00f3coli","Barrita de prote\\u00ednas","Tofu","Batido de leche","Manzana","Pollo asado","Arroz salvaje","Verduras","Yogur con miel","Hamburguesa de pavo","Tortilla de espinacas","Batido de frutas","Lentejas","Arroz basmati","Ensalada de garbanzos","Sardinas","Pan integral","Aguacate","Frutos rojos","Garbanzos","Espinacas","Zanahorias","Tortilla francesa","Muesli","Kiwi","Pechuga de pavo","Cous cous","Ensalada de quinoa","Salm\\u00f3n al horno","Prote\\u00edna en polvo"]', '{"generales":"Realizar ejercicio de fuerza para potenciar el desarrollo muscular.","suplementacion":"Se recomienda la suplementaci\\u00f3n con prote\\u00edna en polvo para asegurar el aporte necesario.","hidratacion":"Mantenerse bien hidratado, beber al menos 2 litros de agua al d\\u00eda."}', '2024-12-02 19:21:47'),
	(8, 99, 4, '{"datos_nutricion":{"calorias_diarias":2000,"distribucion_macros":{"proteinas":"30%","carbohidratos":"40%","grasas":"30%"}},"lunes":{"desayuno":[{"alimento":"Batido de prote\\u00ednas","cantidad":1,"unidad":"porci\\u00f3n","calorias":250,"proteinas":30,"carbohidratos":15,"grasas":8}],"media_manana":[{"alimento":"Yogur griego","cantidad":1,"unidad":"envase","calorias":150,"proteinas":10,"carbohidratos":15,"grasas":8}],"almuerzo":[{"alimento":"Pechuga de pollo a la plancha","cantidad":1,"unidad":"unidad","calorias":200,"proteinas":25,"carbohidratos":0,"grasas":10}],"merienda":[{"alimento":"Frutos secos","cantidad":30,"unidad":"gramos","calorias":150,"proteinas":5,"carbohidratos":10,"grasas":12}],"cena":[{"alimento":"Salm\\u00f3n al horno","cantidad":1,"unidad":"filete","calorias":300,"proteinas":25,"carbohidratos":0,"grasas":20}],"notas":""},"martes":{"desayuno":[{"alimento":"Avena con pl\\u00e1tano","cantidad":1,"unidad":"taz\\u00f3n","calorias":300,"proteinas":10,"carbohidratos":50,"grasas":5}],"media_manana":[{"alimento":"Huevos revueltos","cantidad":2,"unidad":"unidad","calorias":200,"proteinas":15,"carbohidratos":2,"grasas":12}],"almuerzo":[{"alimento":"Arroz integral con lentejas","cantidad":1,"unidad":"plato","calorias":350,"proteinas":15,"carbohidratos":60,"grasas":5}],"merienda":[{"alimento":"Batido de frutas con prote\\u00ednas","cantidad":1,"unidad":"vaso","calorias":200,"proteinas":20,"carbohidratos":30,"grasas":5}],"cena":[{"alimento":"Ensalada de quinoa","cantidad":1,"unidad":"plato","calorias":250,"proteinas":10,"carbohidratos":40,"grasas":8}],"notas":""},"miercoles":{"desayuno":[{"alimento":"Tortilla de espinacas","cantidad":1,"unidad":"porci\\u00f3n","calorias":200,"proteinas":15,"carbohidratos":5,"grasas":10}],"media_manana":[{"alimento":"Batido de prote\\u00ednas","cantidad":1,"unidad":"vaso","calorias":250,"proteinas":30,"carbohidratos":15,"grasas":8}],"almuerzo":[{"alimento":"Filete de ternera a la plancha","cantidad":1,"unidad":"unidad","calorias":250,"proteinas":30,"carbohidratos":0,"grasas":12}],"merienda":[{"alimento":"Yogur con nueces","cantidad":1,"unidad":"envase","calorias":200,"proteinas":10,"carbohidratos":15,"grasas":10}],"cena":[{"alimento":"Salm\\u00f3n al horno","cantidad":1,"unidad":"filete","calorias":300,"proteinas":25,"carbohidratos":0,"grasas":20}],"notas":""},"jueves":{"desayuno":[{"alimento":"Batido de frutas con prote\\u00ednas","cantidad":1,"unidad":"vaso","calorias":200,"proteinas":20,"carbohidratos":30,"grasas":5}],"media_manana":[{"alimento":"Yogur con almendras","cantidad":1,"unidad":"envase","calorias":150,"proteinas":8,"carbohidratos":10,"grasas":7}],"almuerzo":[{"alimento":"Pollo al curry con arroz integral","cantidad":1,"unidad":"plato","calorias":400,"proteinas":30,"carbohidratos":40,"grasas":15}],"merienda":[{"alimento":"Huevos duros","cantidad":2,"unidad":"unidad","calorias":150,"proteinas":12,"carbohidratos":2,"grasas":10}],"cena":[{"alimento":"Lomo de cerdo a la plancha","cantidad":1,"unidad":"filete","calorias":300,"proteinas":25,"carbohidratos":0,"grasas":20}],"notas":""},"viernes":{"desayuno":[{"alimento":"Tostadas integrales con aguacate","cantidad":2,"unidad":"unidad","calorias":250,"proteinas":10,"carbohidratos":30,"grasas":12}],"media_manana":[{"alimento":"Batido de prote\\u00ednas","cantidad":1,"unidad":"vaso","calorias":250,"proteinas":30,"carbohidratos":15,"grasas":8}],"almuerzo":[{"alimento":"Sopa de lentejas con verduras","cantidad":1,"unidad":"plato","calorias":300,"proteinas":15,"carbohidratos":40,"grasas":8}],"merienda":[{"alimento":"Yogur griego con miel","cantidad":1,"unidad":"envase","calorias":200,"proteinas":10,"carbohidratos":20,"grasas":8}],"cena":[{"alimento":"Merluza al horno","cantidad":1,"unidad":"filete","calorias":200,"proteinas":20,"carbohidratos":0,"grasas":10}],"notas":""},"sabado":{"desayuno":[{"alimento":"Batido de prote\\u00ednas","cantidad":1,"unidad":"porci\\u00f3n","calorias":250,"proteinas":30,"carbohidratos":15,"grasas":8}],"media_manana":[{"alimento":"Frutos secos","cantidad":30,"unidad":"gramos","calorias":150,"proteinas":5,"carbohidratos":10,"grasas":12}],"almuerzo":[{"alimento":"Pechuga de pollo a la plancha","cantidad":1,"unidad":"unidad","calorias":200,"proteinas":25,"carbohidratos":0,"grasas":10}],"merienda":[{"alimento":"Huevos revueltos","cantidad":2,"unidad":"unidad","calorias":200,"proteinas":15,"carbohidratos":2,"grasas":12}],"cena":[{"alimento":"Filete de ternera a la plancha","cantidad":1,"unidad":"unidad","calorias":250,"proteinas":30,"carbohidratos":0,"grasas":12}],"notas":""},"domingo":{"desayuno":[{"alimento":"Avena con pl\\u00e1tano","cantidad":1,"unidad":"taz\\u00f3n","calorias":300,"proteinas":10,"carbohidratos":50,"grasas":5}],"media_manana":[{"alimento":"Yogur con nueces","cantidad":1,"unidad":"envase","calorias":200,"proteinas":10,"carbohidratos":15,"grasas":10}],"almuerzo":[{"alimento":"Arroz integral con lentejas","cantidad":1,"unidad":"plato","calorias":350,"proteinas":15,"carbohidratos":60,"grasas":5}],"merienda":[{"alimento":"Frutos secos","cantidad":30,"unidad":"gramos","calorias":150,"proteinas":5,"carbohidratos":10,"grasas":12}],"cena":[{"alimento":"Salm\\u00f3n al horno","cantidad":1,"unidad":"filete","calorias":300,"proteinas":25,"carbohidratos":0,"grasas":20}],"notas":""},"recomendaciones":{"generales":"Realizar ejercicio de fuerza 3 veces por semana.","suplementacion":"Considerar suplementar con creatina y glutamina para mejorar el rendimiento y la recuperaci\\u00f3n.","hidratacion":"Mantenerse bien hidratado, beber al menos 2 litros de agua al d\\u00eda."},"lista_compras":["Batido de prote\\u00ednas","Avena","Pl\\u00e1tanos","Pechuga de pollo","Frutos secos","Salm\\u00f3n","Huevos","Arroz integral","Lentejas","Quinoa","Ternera","Yogur griego","Almendras","Lomo de cerdo","Tostadas integrales","Aguacate","Sopa de lentejas","Miel","Merluza"]}', '["Batido de prote\\u00ednas","Avena","Pl\\u00e1tanos","Pechuga de pollo","Frutos secos","Salm\\u00f3n","Huevos","Arroz integral","Lentejas","Quinoa","Ternera","Yogur griego","Almendras","Lomo de cerdo","Tostadas integrales","Aguacate","Sopa de lentejas","Miel","Merluza"]', '{"generales":"Realizar ejercicio de fuerza 3 veces por semana.","suplementacion":"Considerar suplementar con creatina y glutamina para mejorar el rendimiento y la recuperaci\\u00f3n.","hidratacion":"Mantenerse bien hidratado, beber al menos 2 litros de agua al d\\u00eda."}', '2024-12-02 19:33:03'),
	(9, 101, 4, '{"datos_nutricion":{"calorias_diarias":2000,"distribucion_macros":{"proteinas":"30%","carbohidratos":"40%","grasas":"30%"}},"lunes":{"desayuno":[{"alimento":"Batido de prote\\u00ednas","cantidad":1,"unidad":"porci\\u00f3n","calorias":250,"proteinas":25,"carbohidratos":10,"grasas":5}],"media_manana":[{"alimento":"Yogur griego","cantidad":1,"unidad":"unidad","calorias":150,"proteinas":10,"carbohidratos":15,"grasas":8}],"almuerzo":[{"alimento":"Pechuga de pollo a la plancha","cantidad":1,"unidad":"porci\\u00f3n","calorias":300,"proteinas":35,"carbohidratos":0,"grasas":15}],"merienda":[{"alimento":"Frutos secos","cantidad":30,"unidad":"g","calorias":150,"proteinas":5,"carbohidratos":10,"grasas":12}],"cena":[{"alimento":"Salm\\u00f3n al horno","cantidad":1,"unidad":"porci\\u00f3n","calorias":350,"proteinas":30,"carbohidratos":0,"grasas":22}],"notas":""},"martes":{"desayuno":[{"alimento":"Tortilla de claras de huevo","cantidad":1,"unidad":"unidad","calorias":200,"proteinas":25,"carbohidratos":2,"grasas":10}],"media_manana":[{"alimento":"Manzana","cantidad":1,"unidad":"unidad","calorias":80,"proteinas":0,"carbohidratos":20,"grasas":0}],"almuerzo":[{"alimento":"Arroz integral","cantidad":100,"unidad":"g","calorias":150,"proteinas":3,"carbohidratos":30,"grasas":1},{"alimento":"Lentejas","cantidad":100,"unidad":"g","calorias":120,"proteinas":9,"carbohidratos":20,"grasas":0},{"alimento":"Ensalada de aguacate y tomate","cantidad":1,"unidad":"porci\\u00f3n","calorias":100,"proteinas":2,"carbohidratos":5,"grasas":8}],"merienda":[{"alimento":"Batido de prote\\u00ednas","cantidad":1,"unidad":"porci\\u00f3n","calorias":250,"proteinas":25,"carbohidratos":10,"grasas":5}],"cena":[{"alimento":"Ternera a la plancha","cantidad":1,"unidad":"porci\\u00f3n","calorias":300,"proteinas":35,"carbohidratos":0,"grasas":15}],"notas":""},"miercoles":{"desayuno":[{"alimento":"Avena con leche","cantidad":1,"unidad":"taz\\u00f3n","calorias":300,"proteinas":10,"carbohidratos":50,"grasas":5}],"media_manana":[{"alimento":"Pu\\u00f1ado de nueces","cantidad":30,"unidad":"g","calorias":200,"proteinas":5,"carbohidratos":5,"grasas":15}],"almuerzo":[{"alimento":"Pechuga de pavo a la plancha","cantidad":1,"unidad":"porci\\u00f3n","calorias":250,"proteinas":30,"carbohidratos":5,"grasas":10},{"alimento":"Quinoa","cantidad":100,"unidad":"g","calorias":150,"proteinas":5,"carbohidratos":25,"grasas":2},{"alimento":"Br\\u00f3coli al vapor","cantidad":1,"unidad":"porci\\u00f3n","calorias":50,"proteinas":3,"carbohidratos":5,"grasas":1}],"merienda":[{"alimento":"Yogur griego","cantidad":1,"unidad":"unidad","calorias":150,"proteinas":10,"carbohidratos":15,"grasas":8}],"cena":[{"alimento":"Salm\\u00f3n al horno","cantidad":1,"unidad":"porci\\u00f3n","calorias":350,"proteinas":30,"carbohidratos":0,"grasas":22}],"notas":""},"jueves":{"desayuno":[{"alimento":"Batido de prote\\u00ednas","cantidad":1,"unidad":"porci\\u00f3n","calorias":250,"proteinas":25,"carbohidratos":10,"grasas":5}],"media_manana":[{"alimento":"Fruta","cantidad":1,"unidad":"unidad","calorias":50,"proteinas":1,"carbohidratos":12,"grasas":0}],"almuerzo":[{"alimento":"Ensalada de pollo","cantidad":1,"unidad":"porci\\u00f3n","calorias":300,"proteinas":25,"carbohidratos":10,"grasas":15},{"alimento":"Pasta integral","cantidad":100,"unidad":"g","calorias":150,"proteinas":5,"carbohidratos":30,"grasas":1}],"merienda":[{"alimento":"Yogur griego","cantidad":1,"unidad":"unidad","calorias":150,"proteinas":10,"carbohidratos":15,"grasas":8}],"cena":[{"alimento":"Filete de merluza al horno","cantidad":1,"unidad":"porci\\u00f3n","calorias":250,"proteinas":25,"carbohidratos":2,"grasas":10}],"notas":""},"viernes":{"desayuno":[{"alimento":"Tostadas integrales con aguacate","cantidad":2,"unidad":"unidad","calorias":250,"proteinas":5,"carbohidratos":25,"grasas":15}],"media_manana":[{"alimento":"Pu\\u00f1ado de almendras","cantidad":30,"unidad":"g","calorias":200,"proteinas":5,"carbohidratos":5,"grasas":15}],"almuerzo":[{"alimento":"Salteado de tofu con verduras","cantidad":1,"unidad":"porci\\u00f3n","calorias":300,"proteinas":20,"carbohidratos":15,"grasas":18}],"merienda":[{"alimento":"Batido de prote\\u00ednas","cantidad":1,"unidad":"porci\\u00f3n","calorias":250,"proteinas":25,"carbohidratos":10,"grasas":5}],"cena":[{"alimento":"Pollo al curry con arroz basmati","cantidad":1,"unidad":"porci\\u00f3n","calorias":400,"proteinas":30,"carbohidratos":40,"grasas":12}],"notas":""},"sabado":{"desayuno":[{"alimento":"Huevos revueltos con espinacas","cantidad":1,"unidad":"porci\\u00f3n","calorias":200,"proteinas":15,"carbohidratos":3,"grasas":12}],"media_manana":[{"alimento":"Batido de prote\\u00ednas","cantidad":1,"unidad":"porci\\u00f3n","calorias":250,"proteinas":25,"carbohidratos":10,"grasas":5}],"almuerzo":[{"alimento":"Ensalada de quinoa y aguacate","cantidad":1,"unidad":"porci\\u00f3n","calorias":350,"proteinas":10,"carbohidratos":30,"grasas":20}],"merienda":[{"alimento":"Yogur griego","cantidad":1,"unidad":"unidad","calorias":150,"proteinas":10,"carbohidratos":15,"grasas":8}],"cena":[{"alimento":"Salm\\u00f3n al horno","cantidad":1,"unidad":"porci\\u00f3n","calorias":350,"proteinas":30,"carbohidratos":0,"grasas":22}],"notas":""},"domingo":{"desayuno":[{"alimento":"Batido de prote\\u00ednas","cantidad":1,"unidad":"porci\\u00f3n","calorias":250,"proteinas":25,"carbohidratos":10,"grasas":5}],"media_manana":[{"alimento":"Frutos secos","cantidad":30,"unidad":"g","calorias":200,"proteinas":5,"carbohidratos":10,"grasas":15}],"almuerzo":[{"alimento":"Pechuga de pollo a la parrilla","cantidad":1,"unidad":"porci\\u00f3n","calorias":300,"proteinas":35,"carbohidratos":0,"grasas":15},{"alimento":"Patatas asadas","cantidad":150,"unidad":"g","calorias":200,"proteinas":3,"carbohidratos":40,"grasas":2}],"merienda":[{"alimento":"Yogur griego","cantidad":1,"unidad":"unidad","calorias":150,"proteinas":10,"carbohidratos":15,"grasas":8}],"cena":[{"alimento":"Ternera a la plancha","cantidad":1,"unidad":"porci\\u00f3n","calorias":300,"proteinas":35,"carbohidratos":0,"grasas":15}],"notas":""},"recomendaciones":{"generales":"Incluir variedad de alimentos para asegurar la ingesta de todos los nutrientes esenciales.","suplementacion":"Considerar la suplementaci\\u00f3n de creatina y glutamina para favorecer el desarrollo muscular.","hidratacion":"Beber al menos 2 litros de agua al d\\u00eda para mantenerse bien hidratado."},"lista_compras":["Batido de prote\\u00ednas","Yogur griego","Pechuga de pollo","Frutos secos","Salm\\u00f3n","Claras de huevo","Manzana","Arroz integral","Lentejas","Aguacate","Ternera","Avena","Nueces","Pavo","Quinoa","Br\\u00f3coli","Tofu","Almendras","Espinacas","Huevos","Pollo","Curry","Arroz basmati","Patatas","Creatina","Glutamina"]}', '["Batido de prote\\u00ednas","Yogur griego","Pechuga de pollo","Frutos secos","Salm\\u00f3n","Claras de huevo","Manzana","Arroz integral","Lentejas","Aguacate","Ternera","Avena","Nueces","Pavo","Quinoa","Br\\u00f3coli","Tofu","Almendras","Espinacas","Huevos","Pollo","Curry","Arroz basmati","Patatas","Creatina","Glutamina"]', '{"generales":"Incluir variedad de alimentos para asegurar la ingesta de todos los nutrientes esenciales.","suplementacion":"Considerar la suplementaci\\u00f3n de creatina y glutamina para favorecer el desarrollo muscular.","hidratacion":"Beber al menos 2 litros de agua al d\\u00eda para mantenerse bien hidratado."}', '2024-12-02 20:24:36'),
	(10, 12, 4, '{"datos_nutricion":{"calorias_diarias":2000,"distribucion_macros":{"proteinas":"30%","carbohidratos":"40%","grasas":"30%"}},"lunes":{"desayuno":[{"alimento":"Huevos","cantidad":2,"unidad":"unidades","calorias":140,"proteinas":12,"carbohidratos":1,"grasas":10}],"media_manana":[{"alimento":"Yogur sin lactosa","cantidad":1,"unidad":"unidad","calorias":100,"proteinas":8,"carbohidratos":12,"grasas":2}],"almuerzo":[{"alimento":"Pechuga de pollo","cantidad":100,"unidad":"gramos","calorias":165,"proteinas":31,"carbohidratos":0,"grasas":3}],"merienda":[{"alimento":"Nueces","cantidad":30,"unidad":"gramos","calorias":200,"proteinas":5,"carbohidratos":4,"grasas":18}],"cena":[{"alimento":"Salm\\u00f3n","cantidad":150,"unidad":"gramos","calorias":350,"proteinas":33,"carbohidratos":0,"grasas":25}],"notas":"Evitar alimentos con man\\u00ed"},"martes":{"desayuno":[{"alimento":"Avena","cantidad":40,"unidad":"gramos","calorias":150,"proteinas":5,"carbohidratos":27,"grasas":3}],"media_manana":[{"alimento":"Pl\\u00e1tano","cantidad":1,"unidad":"unidad","calorias":105,"proteinas":1,"carbohidratos":27,"grasas":0}],"almuerzo":[{"alimento":"Quinua","cantidad":50,"unidad":"gramos","calorias":180,"proteinas":7,"carbohidratos":32,"grasas":3}],"merienda":[{"alimento":"Mango","cantidad":1,"unidad":"unidad","calorias":135,"proteinas":1,"carbohidratos":35,"grasas":0}],"cena":[{"alimento":"Tofu","cantidad":150,"unidad":"gramos","calorias":180,"proteinas":18,"carbohidratos":2,"grasas":11}],"notas":"Evitar l\\u00e1cteos"},"miercoles":{"desayuno":[{"alimento":"Batido de prote\\u00ednas","cantidad":1,"unidad":"porci\\u00f3n","calorias":200,"proteinas":25,"carbohidratos":15,"grasas":5}],"media_manana":[{"alimento":"Manzana","cantidad":1,"unidad":"unidad","calorias":95,"proteinas":1,"carbohidratos":25,"grasas":0}],"almuerzo":[{"alimento":"Lentejas","cantidad":100,"unidad":"gramos","calorias":120,"proteinas":9,"carbohidratos":20,"grasas":1}],"merienda":[{"alimento":"Almendras","cantidad":20,"unidad":"gramos","calorias":120,"proteinas":5,"carbohidratos":4,"grasas":10}],"cena":[{"alimento":"Pavo","cantidad":100,"unidad":"gramos","calorias":150,"proteinas":30,"carbohidratos":0,"grasas":3}],"notas":"Evitar man\\u00ed y comer ligero en la noche"},"jueves":{"desayuno":[{"alimento":"Yogur sin lactosa","cantidad":1,"unidad":"unidad","calorias":100,"proteinas":8,"carbohidratos":12,"grasas":2}],"media_manana":[{"alimento":"Nueces","cantidad":30,"unidad":"gramos","calorias":200,"proteinas":5,"carbohidratos":4,"grasas":18}],"almuerzo":[{"alimento":"Filete de ternera","cantidad":100,"unidad":"gramos","calorias":200,"proteinas":22,"carbohidratos":0,"grasas":12}],"merienda":[{"alimento":"Pera","cantidad":1,"unidad":"unidad","calorias":85,"proteinas":1,"carbohidratos":22,"grasas":0}],"cena":[{"alimento":"Sardinas","cantidad":100,"unidad":"gramos","calorias":200,"proteinas":25,"carbohidratos":0,"grasas":12}],"notas":"Evitar l\\u00e1cteos y man\\u00ed"},"viernes":{"desayuno":[{"alimento":"Huevos","cantidad":2,"unidad":"unidades","calorias":140,"proteinas":12,"carbohidratos":1,"grasas":10}],"media_manana":[{"alimento":"Mango","cantidad":1,"unidad":"unidad","calorias":135,"proteinas":1,"carbohidratos":35,"grasas":0}],"almuerzo":[{"alimento":"Salm\\u00f3n","cantidad":150,"unidad":"gramos","calorias":350,"proteinas":33,"carbohidratos":0,"grasas":25}],"merienda":[{"alimento":"Almendras","cantidad":20,"unidad":"gramos","calorias":120,"proteinas":5,"carbohidratos":4,"grasas":10}],"cena":[{"alimento":"Tofu","cantidad":150,"unidad":"gramos","calorias":180,"proteinas":18,"carbohidratos":2,"grasas":11}],"notas":"Evitar man\\u00ed y comer ligero en la noche"},"sabado":{"desayuno":[{"alimento":"Avena","cantidad":40,"unidad":"gramos","calorias":150,"proteinas":5,"carbohidratos":27,"grasas":3}],"media_manana":[{"alimento":"Almendras","cantidad":20,"unidad":"gramos","calorias":120,"proteinas":5,"carbohidratos":4,"grasas":10}],"almuerzo":[{"alimento":"Quinua","cantidad":50,"unidad":"gramos","calorias":180,"proteinas":7,"carbohidratos":32,"grasas":3}],"merienda":[{"alimento":"Manzana","cantidad":1,"unidad":"unidad","calorias":95,"proteinas":1,"carbohidratos":25,"grasas":0}],"cena":[{"alimento":"Pollo a la parrilla","cantidad":150,"unidad":"gramos","calorias":200,"proteinas":30,"carbohidratos":0,"grasas":8}],"notas":"Comer ligero en la noche"},"domingo":{"desayuno":[{"alimento":"Batido de prote\\u00ednas","cantidad":1,"unidad":"porci\\u00f3n","calorias":200,"proteinas":25,"carbohidratos":15,"grasas":5}],"media_manana":[{"alimento":"Pera","cantidad":1,"unidad":"unidad","calorias":85,"proteinas":1,"carbohidratos":22,"grasas":0}],"almuerzo":[{"alimento":"Lentejas","cantidad":100,"unidad":"gramos","calorias":120,"proteinas":9,"carbohidratos":20,"grasas":1}],"merienda":[{"alimento":"Pl\\u00e1tano","cantidad":1,"unidad":"unidad","calorias":105,"proteinas":1,"carbohidratos":27,"grasas":0}],"cena":[{"alimento":"Pavo","cantidad":100,"unidad":"gramos","calorias":150,"proteinas":30,"carbohidratos":0,"grasas":3}],"notas":"Comer ligero en la noche"},"recomendaciones":{"generales":"Mantenerse hidratado y realizar ejercicio de fuerza regularmente.","suplementacion":"Considerar suplementos de prote\\u00ednas si la ingesta no es suficiente.","hidratacion":"Beber al menos 2 litros de agua al d\\u00eda."},"lista_compras":["Huevos","Yogur sin lactosa","Pechuga de pollo","Nueces","Salm\\u00f3n","Avena","Pl\\u00e1tano","Quinua","Mango","Tofu","Manzana","Lentejas","Almendras","Filete de ternera","Pera","Sardinas","Pollo a la parrilla","Batido de prote\\u00ednas","Pl\\u00e1tano","Pavo"]}', '["Huevos","Yogur sin lactosa","Pechuga de pollo","Nueces","Salm\\u00f3n","Avena","Pl\\u00e1tano","Quinua","Mango","Tofu","Manzana","Lentejas","Almendras","Filete de ternera","Pera","Sardinas","Pollo a la parrilla","Batido de prote\\u00ednas","Pl\\u00e1tano","Pavo"]', '{"generales":"Mantenerse hidratado y realizar ejercicio de fuerza regularmente.","suplementacion":"Considerar suplementos de prote\\u00ednas si la ingesta no es suficiente.","hidratacion":"Beber al menos 2 litros de agua al d\\u00eda."}', '2024-12-02 22:32:30'),
	(11, 103, 4, '{"datos_nutricion":{"calorias_diarias":2000,"distribucion_macros":{"proteinas":"30%","carbohidratos":"40%","grasas":"30%"}},"lunes":{"desayuno":[{"alimento":"Batido de prote\\u00ednas","cantidad":1,"unidad":"porci\\u00f3n","calorias":250,"proteinas":30,"carbohidratos":15,"grasas":10}],"media_manana":[{"alimento":"Yogur griego","cantidad":1,"unidad":"unidad","calorias":150,"proteinas":10,"carbohidratos":15,"grasas":5}],"almuerzo":[{"alimento":"Pechuga de pollo a la plancha","cantidad":1,"unidad":"porci\\u00f3n","calorias":300,"proteinas":35,"carbohidratos":0,"grasas":15}],"merienda":[{"alimento":"Frutos secos","cantidad":30,"unidad":"gramos","calorias":150,"proteinas":5,"carbohidratos":10,"grasas":12}],"cena":[{"alimento":"Salm\\u00f3n al horno","cantidad":1,"unidad":"filete","calorias":350,"proteinas":25,"carbohidratos":0,"grasas":20}],"notas":""},"martes":{"desayuno":[{"alimento":"Avena con pl\\u00e1tano","cantidad":1,"unidad":"taz\\u00f3n","calorias":300,"proteinas":10,"carbohidratos":45,"grasas":8}],"media_manana":[{"alimento":"Huevos revueltos","cantidad":2,"unidad":"unidad","calorias":200,"proteinas":14,"carbohidratos":2,"grasas":15}],"almuerzo":[{"alimento":"Ensalada de quinoa","cantidad":1,"unidad":"plato","calorias":350,"proteinas":15,"carbohidratos":40,"grasas":12}],"merienda":[{"alimento":"Batido de pl\\u00e1tano y leche","cantidad":1,"unidad":"vaso","calorias":200,"proteinas":8,"carbohidratos":30,"grasas":5}],"cena":[{"alimento":"Filete de ternera","cantidad":1,"unidad":"porci\\u00f3n","calorias":400,"proteinas":30,"carbohidratos":0,"grasas":18}],"notas":""},"miercoles":{"desayuno":[{"alimento":"Tortilla de espinacas","cantidad":1,"unidad":"unidad","calorias":250,"proteinas":15,"carbohidratos":10,"grasas":15}],"media_manana":[{"alimento":"Manzana","cantidad":1,"unidad":"unidad","calorias":50,"proteinas":0,"carbohidratos":15,"grasas":0}],"almuerzo":[{"alimento":"Arroz integral con pollo","cantidad":1,"unidad":"porci\\u00f3n","calorias":400,"proteinas":25,"carbohidratos":40,"grasas":10}],"merienda":[{"alimento":"Barra de prote\\u00ednas","cantidad":1,"unidad":"unidad","calorias":200,"proteinas":20,"carbohidratos":15,"grasas":8}],"cena":[{"alimento":"Pescado a la plancha","cantidad":1,"unidad":"porci\\u00f3n","calorias":300,"proteinas":20,"carbohidratos":5,"grasas":15}],"notas":""},"jueves":{"desayuno":[{"alimento":"Batido de frutas y prote\\u00ednas","cantidad":1,"unidad":"vaso","calorias":300,"proteinas":20,"carbohidratos":35,"grasas":10}],"media_manana":[{"alimento":"Palitos de zanahoria","cantidad":50,"unidad":"gramos","calorias":50,"proteinas":1,"carbohidratos":10,"grasas":0}],"almuerzo":[{"alimento":"Lentejas con verduras","cantidad":1,"unidad":"porci\\u00f3n","calorias":350,"proteinas":20,"carbohidratos":40,"grasas":8}],"merienda":[{"alimento":"Yogur natural con nueces","cantidad":1,"unidad":"taz\\u00f3n","calorias":250,"proteinas":10,"carbohidratos":15,"grasas":12}],"cena":[{"alimento":"Pollo al horno con batata","cantidad":1,"unidad":"porci\\u00f3n","calorias":400,"proteinas":30,"carbohidratos":20,"grasas":15}],"notas":""},"viernes":{"desayuno":[{"alimento":"Tostadas integrales con aguacate","cantidad":2,"unidad":"unidad","calorias":300,"proteinas":7,"carbohidratos":40,"grasas":15}],"media_manana":[{"alimento":"Pu\\u00f1ado de almendras","cantidad":30,"unidad":"gramos","calorias":200,"proteinas":8,"carbohidratos":5,"grasas":15}],"almuerzo":[{"alimento":"Tacos de pavo","cantidad":2,"unidad":"unidad","calorias":350,"proteinas":25,"carbohidratos":20,"grasas":12}],"merienda":[{"alimento":"Batido de chocolate y pl\\u00e1tano","cantidad":1,"unidad":"vaso","calorias":250,"proteinas":10,"carbohidratos":25,"grasas":8}],"cena":[{"alimento":"Ensalada de salm\\u00f3n ahumado","cantidad":1,"unidad":"plato","calorias":350,"proteinas":20,"carbohidratos":15,"grasas":18}],"notas":""},"sabado":{"desayuno":[{"alimento":"Omelette de champi\\u00f1ones","cantidad":1,"unidad":"porci\\u00f3n","calorias":300,"proteinas":20,"carbohidratos":10,"grasas":18}],"media_manana":[{"alimento":"Batido de frutas","cantidad":1,"unidad":"vaso","calorias":150,"proteinas":5,"carbohidratos":30,"grasas":3}],"almuerzo":[{"alimento":"Pechuga de pavo con quinoa","cantidad":1,"unidad":"porci\\u00f3n","calorias":400,"proteinas":30,"carbohidratos":35,"grasas":12}],"merienda":[{"alimento":"Yogur con miel","cantidad":1,"unidad":"taz\\u00f3n","calorias":200,"proteinas":8,"carbohidratos":25,"grasas":5}],"cena":[{"alimento":"Sopa de verduras con pollo","cantidad":1,"unidad":"plato","calorias":300,"proteinas":20,"carbohidratos":25,"grasas":10}],"notas":""},"domingo":{"desayuno":[{"alimento":"Tortitas de avena","cantidad":3,"unidad":"unidad","calorias":350,"proteinas":15,"carbohidratos":50,"grasas":10}],"media_manana":[{"alimento":"Pu\\u00f1ado de nueces","cantidad":30,"unidad":"gramos","calorias":200,"proteinas":5,"carbohidratos":5,"grasas":15}],"almuerzo":[{"alimento":"Pasta integral con carne magra","cantidad":1,"unidad":"porci\\u00f3n","calorias":400,"proteinas":25,"carbohidratos":40,"grasas":10}],"merienda":[{"alimento":"Batido de prote\\u00ednas con pl\\u00e1tano","cantidad":1,"unidad":"vaso","calorias":250,"proteinas":30,"carbohidratos":15,"grasas":10}],"cena":[{"alimento":"Ternera a la plancha con verduras","cantidad":1,"unidad":"porci\\u00f3n","calorias":350,"proteinas":30,"carbohidratos":10,"grasas":18}],"notas":""},"recomendaciones":{"generales":"Mantenerse hidratado durante todo el d\\u00eda. Realizar ejercicio de fuerza para potenciar el crecimiento muscular.","suplementacion":"Se recomienda la suplementaci\\u00f3n con prote\\u00ednas en polvo para asegurar un aporte adecuado.","hidratacion":"Beber al menos 2 litros de agua al d\\u00eda."},"lista_compras":["Batido de prote\\u00ednas","Yogur griego","Pechuga de pollo","Frutos secos","Salm\\u00f3n","Avena","Pl\\u00e1tano","Huevos","Quinoa","Leche","Ternera","Espinacas","Manzana","Arroz integral","Barra de prote\\u00ednas","Pescado","Frutas","Palitos de zanahoria","Lentejas","Nueces","Batata","Almendras","Tacos de pavo","Chocolate","Salm\\u00f3n ahumado","Omelette","Champi\\u00f1ones","Miel","Sopa de verduras","Tortitas de avena","Nueces","Pasta integral","Carne magra","Prote\\u00ednas en polvo","Verduras"]}', '["Batido de prote\\u00ednas","Yogur griego","Pechuga de pollo","Frutos secos","Salm\\u00f3n","Avena","Pl\\u00e1tano","Huevos","Quinoa","Leche","Ternera","Espinacas","Manzana","Arroz integral","Barra de prote\\u00ednas","Pescado","Frutas","Palitos de zanahoria","Lentejas","Nueces","Batata","Almendras","Tacos de pavo","Chocolate","Salm\\u00f3n ahumado","Omelette","Champi\\u00f1ones","Miel","Sopa de verduras","Tortitas de avena","Nueces","Pasta integral","Carne magra","Prote\\u00ednas en polvo","Verduras"]', '{"generales":"Mantenerse hidratado durante todo el d\\u00eda. Realizar ejercicio de fuerza para potenciar el crecimiento muscular.","suplementacion":"Se recomienda la suplementaci\\u00f3n con prote\\u00ednas en polvo para asegurar un aporte adecuado.","hidratacion":"Beber al menos 2 litros de agua al d\\u00eda."}', '2024-12-03 22:30:10');

-- Volcando estructura para tabla gimnasio.recordatorios_personalizados
CREATE TABLE IF NOT EXISTS `recordatorios_personalizados` (
  `id` int(11) NOT NULL AUTO_INCREMENT,
  `usuario_id` int(11) NOT NULL,
  `mensaje` text NOT NULL,
  `fecha_envio` timestamp NOT NULL DEFAULT current_timestamp(),
  PRIMARY KEY (`id`),
  KEY `usuario_id` (`usuario_id`),
  CONSTRAINT `recordatorios_personalizados_ibfk_1` FOREIGN KEY (`usuario_id`) REFERENCES `usuarios` (`id`)
) ENGINE=InnoDB DEFAULT CHARSET=utf8mb4 COLLATE=utf8mb4_unicode_ci;

-- Volcando datos para la tabla gimnasio.recordatorios_personalizados: ~0 rows (aproximadamente)

-- Volcando estructura para tabla gimnasio.roles
CREATE TABLE IF NOT EXISTS `roles` (
  `id` int(11) NOT NULL AUTO_INCREMENT,
  `nombre` varchar(50) NOT NULL,
  `descripcion` text DEFAULT NULL,
  `fecha_creacion` timestamp NOT NULL DEFAULT current_timestamp(),
  PRIMARY KEY (`id`)
) ENGINE=InnoDB AUTO_INCREMENT=19 DEFAULT CHARSET=utf8mb4 COLLATE=utf8mb4_unicode_ci;

-- Volcando datos para la tabla gimnasio.roles: ~10 rows (aproximadamente)
INSERT INTO `roles` (`id`, `nombre`, `descripcion`, `fecha_creacion`) VALUES
	(1, 'Administrador', 'Control total del sistema', '2024-10-30 20:03:11'),
	(2, 'Entrenador', 'Gestión de rutinas y planes de entrenamiento', '2024-10-30 20:03:11'),
	(3, 'Nutricionista', 'Gestión de planes nutricionales', '2024-10-30 20:03:11'),
	(4, 'Cliente', 'Usuario regular del gimnasio', '2024-10-30 20:03:11'),
	(5, 'Recepcionista', 'Gestión de citas y asistencias', '2024-10-30 20:03:11'),
	(14, 'administrador', 'Administrador del sistema', '2024-11-14 06:13:40'),
	(15, 'entrenador', 'Entrenador del gimnasio', '2024-11-14 06:13:40'),
	(16, 'cliente', 'Cliente del gimnasio', '2024-11-14 06:13:40'),
	(17, 'nutricionista', 'Nutricionista del gimnasio', '2024-11-14 06:13:40'),
	(18, 'recepcionista', 'Personal de recepción', '2024-11-14 06:13:40');

-- Volcando estructura para tabla gimnasio.sesionesentrenamiento_no
CREATE TABLE IF NOT EXISTS `sesionesentrenamiento_no` (
  `id` int(11) NOT NULL AUTO_INCREMENT,
  `usuario_id` int(11) NOT NULL,
  `plan_id` int(11) NOT NULL,
  `entrenador_id` int(11) DEFAULT NULL,
  `fecha_sesion` date NOT NULL,
  `estado` enum('completada','parcial','perdida') DEFAULT 'completada',
  `notas` text DEFAULT NULL,
  `fecha_creacion` timestamp NOT NULL DEFAULT current_timestamp(),
  PRIMARY KEY (`id`),
  KEY `usuario_id` (`usuario_id`),
  KEY `plan_id` (`plan_id`),
  KEY `entrenador_id` (`entrenador_id`),
  CONSTRAINT `sesionesentrenamiento_no_ibfk_1` FOREIGN KEY (`usuario_id`) REFERENCES `usuarios` (`id`),
  CONSTRAINT `sesionesentrenamiento_no_ibfk_2` FOREIGN KEY (`plan_id`) REFERENCES `planesejercicio` (`id`),
  CONSTRAINT `sesionesentrenamiento_no_ibfk_3` FOREIGN KEY (`entrenador_id`) REFERENCES `usuarios` (`id`)
) ENGINE=InnoDB AUTO_INCREMENT=7 DEFAULT CHARSET=utf8mb4 COLLATE=utf8mb4_unicode_ci;

-- Volcando datos para la tabla gimnasio.sesionesentrenamiento_no: ~5 rows (aproximadamente)
INSERT INTO `sesionesentrenamiento_no` (`id`, `usuario_id`, `plan_id`, `entrenador_id`, `fecha_sesion`, `estado`, `notas`, `fecha_creacion`) VALUES
	(1, 6, 1, 3, '2024-01-25', 'completada', 'Primera sesión completada', '2024-10-30 20:03:11'),
	(2, 7, 2, 3, '2024-01-25', 'completada', 'Buen rendimiento', '2024-10-30 20:03:11'),
	(3, 8, 3, 4, '2024-01-25', 'completada', 'Ajustes en pesos necesarios', '2024-10-30 20:03:11'),
	(4, 9, 1, 4, '2024-01-25', 'parcial', 'Interrumpida por tiempo', '2024-10-30 20:03:11'),
	(5, 10, 2, 5, '2024-01-25', 'completada', 'Excelente progreso', '2024-10-30 20:03:11');

-- Volcando estructura para tabla gimnasio.tiposmembresia
CREATE TABLE IF NOT EXISTS `tiposmembresia` (
  `id` int(11) NOT NULL AUTO_INCREMENT,
  `nombre` varchar(100) NOT NULL,
  `descripcion` text DEFAULT NULL,
  `duracion` int(11) NOT NULL,
  `precio` decimal(10,2) NOT NULL,
  `estado` enum('activo','inactivo') DEFAULT 'activo',
  `fecha_creacion` timestamp NOT NULL DEFAULT current_timestamp(),
  PRIMARY KEY (`id`)
) ENGINE=InnoDB AUTO_INCREMENT=7 DEFAULT CHARSET=utf8mb4 COLLATE=utf8mb4_unicode_ci;

-- Volcando datos para la tabla gimnasio.tiposmembresia: ~6 rows (aproximadamente)
INSERT INTO `tiposmembresia` (`id`, `nombre`, `descripcion`, `duracion`, `precio`, `estado`, `fecha_creacion`) VALUES
	(1, 'Mensual Básico', 'Acceso a instalaciones básicas', 30, 100.00, 'activo', '2024-10-30 20:03:11'),
	(2, 'Mensual Básico', 'Acceso a instalaciones básicas', 30, 100.00, 'activo', '2024-10-30 20:03:11'),
	(3, 'Mensual Básico', 'Acceso a instalaciones básicas', 30, 100.00, 'activo', '2024-10-30 20:03:11'),
	(4, 'Mensual Básico', 'Acceso a instalaciones básicas', 30, 100.00, 'activo', '2024-10-30 20:03:11'),
	(5, 'Mensual Básico', 'Acceso a instalaciones básicas', 30, 100.00, 'activo', '2024-10-30 20:03:11'),
	(6, 'Mensual Básico', 'Acceso a instalaciones básicas', 30, 100.00, 'activo', '2024-11-13 18:55:21');

-- Volcando estructura para tabla gimnasio.usuarios
CREATE TABLE IF NOT EXISTS `usuarios` (
  `id` int(11) NOT NULL AUTO_INCREMENT,
  `dni` varchar(8) NOT NULL,
  `rol_id` int(11) NOT NULL,
  `nombre_usuario` varchar(50) NOT NULL,
  `contrasena` varchar(255) NOT NULL,
  `correo` varchar(100) NOT NULL,
  `telefono` varchar(15) DEFAULT NULL,
  `nombre` varchar(100) NOT NULL,
  `apellido` varchar(100) NOT NULL,
  `fecha_nacimiento` date DEFAULT NULL,
  `imagen_perfil` varchar(255) DEFAULT NULL,
  `estado` enum('activo','inactivo') DEFAULT 'activo',
  `fecha_creacion` timestamp NOT NULL DEFAULT current_timestamp(),
  `fecha_actualizacion` timestamp NOT NULL DEFAULT current_timestamp() ON UPDATE current_timestamp(),
  `qr` longblob DEFAULT NULL,
  PRIMARY KEY (`id`),
  UNIQUE KEY `dni` (`dni`),
  UNIQUE KEY `correo` (`correo`),
  UNIQUE KEY `nombre_usuario` (`nombre_usuario`) USING BTREE,
  KEY `rol_id` (`rol_id`),
  CONSTRAINT `usuarios_ibfk_1` FOREIGN KEY (`rol_id`) REFERENCES `roles` (`id`)
) ENGINE=InnoDB AUTO_INCREMENT=105 DEFAULT CHARSET=utf8mb4 COLLATE=utf8mb4_unicode_ci;

-- Volcando datos para la tabla gimnasio.usuarios: ~53 rows (aproximadamente)
INSERT INTO `usuarios` (`id`, `dni`, `rol_id`, `nombre_usuario`, `contrasena`, `correo`, `telefono`, `nombre`, `apellido`, `fecha_nacimiento`, `imagen_perfil`, `estado`, `fecha_creacion`, `fecha_actualizacion`, `qr`) VALUES
	(1, '11111111', 5, 'secretaria1', '123', 'secretaria1@gym.com', '999111111', 'Carmen', 'Rodriguez', '1992-05-15', NULL, 'activo', '2024-10-30 20:03:11', '2024-10-30 20:09:43', NULL),
	(2, '22222222', 5, 'secretaria2', '123', 'secretaria2@gym.com', '999222222', 'Patricia', 'Sánchez', '1990-08-20', NULL, 'activo', '2024-10-30 20:03:11', '2024-10-30 20:09:44', NULL),
	(3, '23222222', 5, 'secretaria3', '123', 'secretaria3@gym.com', '999222223', 'Julia', 'Mendoza', '1991-04-15', NULL, 'activo', '2024-10-30 20:03:11', '2024-10-30 20:09:45', NULL),
	(4, '33333333', 2, 'trainer1', '123', 'trainer1@gym.com', '999333333', 'Roberto', 'García', '1988-03-10', NULL, 'activo', '2024-10-30 20:03:11', '2024-10-30 20:09:46', NULL),
	(5, '44444444', 2, 'trainer2', '123', 'trainer2@gym.com', '999444444', 'Miguel', 'Torres', '1989-07-25', NULL, 'activo', '2024-10-30 20:03:11', '2024-10-30 20:09:47', NULL),
	(6, '55555555', 2, 'trainer3', '123', 'trainer3@gym.com', '999555555', 'Diego', 'Flores', '1991-11-30', NULL, 'activo', '2024-10-30 20:03:11', '2024-10-30 20:09:48', NULL),
	(7, '56555555', 2, 'trainer4', '123', 'trainer4@gym.com', '999555556', 'Juan', 'Pérez', '1990-06-15', NULL, 'activo', '2024-10-30 20:03:11', '2024-10-30 20:09:49', NULL),
	(8, '57555555', 2, 'trainer5', '123', 'trainer5@gym.com', '999555557', 'Carlos', 'Ruiz', '1987-09-20', NULL, 'activo', '2024-10-30 20:03:11', '2024-10-30 20:09:50', NULL),
	(9, '66666666', 4, 'cliente1', '123', 'cliente1@gmail.com', '777777777', 'Ana Liz', 'López', '1995-04-12', NULL, 'activo', '2024-10-30 20:03:11', '2024-11-28 09:52:21', NULL),
	(10, '77777777', 4, 'cliente2', '123', 'cliente2@gmail.com', '999777777', 'Carlos', 'Martínez', '1993-09-18', NULL, 'activo', '2024-10-30 20:03:11', '2024-10-30 20:09:51', NULL),
	(11, '88888888', 4, 'cliente3', '123', 'cliente3@gmail.com', '999888888', 'Laura', 'Hernández', '1997-02-28', NULL, 'activo', '2024-10-30 20:03:11', '2024-10-30 20:09:52', NULL),
	(12, '99999999', 4, 'cliente4', '123', 'cliente4@gmail.com', '999999999', 'José', 'Díaz', '1994-06-15', NULL, 'activo', '2024-10-30 20:03:11', '2024-10-30 20:09:53', NULL),
	(13, '10101010', 4, 'cliente5', '123', 'cliente5@gmail.com', '999101010', 'María', 'Ramírez', '1996-12-05', NULL, 'activo', '2024-10-30 20:03:11', '2024-10-30 20:09:54', NULL),
	(14, '10101011', 4, 'cliente6', '123', 'cliente6@gmail.com', '555555555', 'Pedro', 'Gómez', '1992-08-15', NULL, 'activo', '2024-10-30 20:03:11', '2024-11-14 19:59:47', NULL),
	(15, '10101012', 4, 'cliente7', '123', 'cliente7@gmail.com', '999101012', 'Lucía', 'Vargas', '1998-03-20', NULL, 'activo', '2024-10-30 20:03:11', '2024-10-30 20:09:55', NULL),
	(16, '10101013', 4, 'cliente8', '123', 'cliente8@gmail.com', '999101013', 'Fernando', 'Silva', '1991-11-25', NULL, 'activo', '2024-10-30 20:03:11', '2024-10-30 20:09:56', NULL),
	(17, '10101014', 4, 'cliente9', '123', 'cliente9@gmail.com', '999101014', 'Carmen', 'Torres', '1995-07-30', NULL, 'activo', '2024-10-30 20:03:11', '2024-10-30 20:09:57', NULL),
	(18, '10101015', 4, 'cliente10', '123', 'cliente10@gmail.com', '999101015', 'Ricardo', 'Mendoza', '1997-04-10', NULL, 'activo', '2024-10-30 20:03:11', '2024-10-30 20:09:58', NULL),
	(19, '12345678', 2, 'juan.perez', '123456', 'juan@email.com', '+51987654321', 'Juan', 'Pérez', '1990-01-15', NULL, 'activo', '2024-11-13 18:49:03', '2024-11-13 18:49:03', NULL),
	(20, '87654321', 2, 'maria.garcia', '123456', 'maria@email.com', '555555555', 'María', 'García', '1992-03-20', NULL, 'activo', '2024-11-13 18:49:03', '2024-11-14 19:59:45', NULL),
	(21, '11223344', 2, 'pedro.lopez', '123456', 'pedro@email.com', '+51987654323', 'Pedro', 'López', '1988-07-10', NULL, 'activo', '2024-11-13 18:49:03', '2024-11-13 18:49:03', NULL),
	(29, '54545454', 4, 'cliente.test29', '123456', 'cliente.test29@gmail.com', '999888777', 'Usuario', 'Test29', '1995-01-01', NULL, 'activo', '2024-11-14 20:02:15', '2024-11-14 20:02:15', NULL),
	(30, '65656565', 4, 'cliente.test30', '123456', 'cliente.test30@gmail.com', '949257277', 'Cliente', 'Prueba30', '1995-01-01', NULL, 'activo', '2024-11-14 20:07:11', '2024-11-14 20:07:37', NULL),
	(32, '76767676', 4, 'cliente.membresia', '123456', 'cliente.membresia@gmail.com', '949257277', 'Usuario', 'Membresia', '1995-01-01', NULL, 'activo', '2024-11-16 05:46:26', '2024-11-16 05:47:08', NULL),
	(35, '13131313', 4, 'cliente.recordatorio2', '123456', 'cliente.recordatorio2@gmail.com', '956956956', 'Cliente', 'Recordatorio2', '1995-01-01', NULL, 'activo', '2024-11-16 06:46:50', '2024-11-16 06:46:50', NULL),
	(40, '40404040', 4, 'cliente.test40', '123456', 'cliente440@test.com', '987654321', 'Cliente', 'Test40', '1990-01-01', NULL, 'activo', '2024-11-18 07:15:23', '2024-11-26 04:41:48', NULL),
	(41, '50505050', 4, 'daleska', '$2y$10$ZkH.jUOmW6n.5EGoOfV7JOdN3P2E4xnqA05sYX7WENIxA/vGryY0.', 'arwfdf@gmail.com', '949257277', 'Daleska', 'Fernandez', NULL, NULL, 'activo', '2024-11-24 23:15:17', '2024-11-24 23:15:17', NULL),
	(44, '60606060', 4, 'MARIA', '$2y$10$NrdG2TtpHXNPwgIlAD2Lpe51sMkLzfU8NgY32M5Hpk0lBO6b48adO', 'dales@hotmail.com', '949257277', 'Daleska', 'Fernandez', NULL, NULL, 'activo', '2024-11-24 23:25:17', '2024-11-24 23:25:17', _binary 0x89504e470d0a1a0a0000000d49484452000000c8000000c8010300000097963cdd00000006504c5445ffffff00000055c2d37e000000097048597300000ec400000ec401952b0e1b0000018b494441545885d597318e85300c441d51fc9223e428dc8c70348ec211282950fc679c2cabff57d43bb888a23c8a984cc68ed96d1467d870707abe362b2956aa00996383c98fd19d6baba5934be26470df8a615c910fd7d2898f962790c867a9c39191d56388d96b9f780adb9f4c3549d3ce498253c86bf952d53f92761b83c4bf5ebfeea926f98dc9ef9c4e8f309f8d03f269fe57871d596913281a2a763f904fa25f2346b87695263372c80ed5c043e02446ad939836817be4a5d517e6d6aa0c4e4480348570d720c8605afcc4aebb87a812ba07f2c168e61f0a5126e5b4b1f748169e078df3366a93396e6373becab947951127057dc6a77658b7a97e6d829f1e4e3df10cc23db8ac40e6a81fcdd930421be4ac86d224b68f5e79a77ba047a2f3e5eb5d224ba8e5e8f0adfe9c45285d99b488ca827e34beba2aba2e29b17df835f2216117ad4fe67e2b2d5eae47cce1211aa4bdf45051c2dfb2f7b02790c8842bf4e3b1bb8b3c095d37f7b0ab1f1526a19dc47749bc5cd96d30aa34e9b7d159b75b95a914bf9b34b98d37467e84116d51adf40000000049454e44ae426082),
	(45, '70707070', 4, 'paola', '123', 'arwfdf@gmergail.com', '949257277', 'Daleska', 'Fernandez', NULL, NULL, 'activo', '2024-11-24 23:28:11', '2024-11-24 23:28:11', _binary 0x89504e470d0a1a0a0000000d49484452000000c8000000c8010300000097963cdd00000006504c5445ffffff00000055c2d37e000000097048597300000ec400000ec401952b0e1b0000018a494441545885d597b19185300c44e52120fc25500a9d614a7329944048e0b16e57329f7fff86f8840386f1236061b592456e57562e190eded671939c6ca705208bbd60d2e3a5cabd22a9722b381954b72cb816e8e15eaa78687d02313d6b1b8e09aa1e4344c67de65fd8fe288d49dc3b95047f612af9cb55ff48bc1a8dd8b72e5f751a935c6bd6bba48b47a867e3057a3cffdab043556c0247c3c5a846e849cc6bac1752bb852690b24fea19424eaf934868b20c076ed4fa0bb57997c11f0940721d7b2a83c021f3aa158f32430213bc3d6e901bbb88fe7248649299cea84012cbbc959629c109e70cf63b265f63656af2674393cc0ac48c7479877dbb585ec7250be60c11cb6bfe034b0fb1bc0e4098219cedcd21ecdbe4ec86b1094524eb803623c9e990d8a49fa3e08a4687e899dd9189afe4dea9ac4626dffc9eec62926cefefa73f538529fa3d6d84253efbb3b5905b9e743d01483fe9992beca47726c923c8ee9fbdb8347d0ae1ac2c93f95a4b0e4ecc3bd7c995d3867ef83a26f9ac46ef32adf7c6c8e476fd002dd9cde807435ecf0000000049454e44ae426082),
	(46, '80808080', 4, 'lubi', '1234', 'sdfnjdfn@jisdfji', '949257277', 'Daleska', 'Fernandez', NULL, NULL, 'activo', '2024-11-24 23:36:22', '2024-11-24 23:36:22', _binary 0x89504e470d0a1a0a0000000d49484452000000c8000000c8010300000097963cdd00000006504c5445ffffff00000055c2d37e000000097048597300000ec400000ec401952b0e1b000000f1494441545885e596c11184200c45bfe381a32550ca96a6a5510a2570e4e09825243abb8a0d24ffa0131e1742f203f0aa954419e1003e39687cd823490e9c970a5042d87b1c2c92d84edc48cf415bdaa716179fe4ca8e7902f052f649ce5ee00dadeb075d62849cfeb6d489c6ce679efca8d7014632412407fdc7d38ceaccb5c11660942016f4dbc6cc1b0a5c91a4975eb8d653acb8fb9b15c29a89bf8148027764e584a017c301cdcea675608b5c5a74034fb3cf9f939b27d2f53ccd4826fab5db1c49f2cbd089fd7cd5982191f44dfe70727f44eac009b93b9f1ba2bdc0fec66ad36c6bcf3883447a9d063970435ef5058e8b9fa39db91f1e0000000049454e44ae426082),
	(48, '09090909', 4, 'dfdfdf', '1234', 'eeeee@gmail.com', '66666666666', 'Daleska', 'Fernandez', NULL, NULL, 'activo', '2024-11-24 23:39:06', '2024-11-24 23:41:05', _binary 0x89504e470d0a1a0a0000000d49484452000000c8000000c8010300000097963cdd00000006504c5445ffffff00000055c2d37e000000097048597300000ec400000ec401952b0e1b000000fa494441545885e596bb11c4200c44977140e81228c5a59d4b732994e090c0639d3e807d3776034209034f093bab05e0b53e6495114f60c9b1ee4f7f64b30be7b900b4211eba8f1e49e21b33510df8e808bcdfc7245d1df70490a33c2669b3200d3cf50f53e284b47c9b4ba0e7e4734f6ea53ec053b920a6812ef29a5199c41b12014e09d21ed5f15072397e04c2676532c74bc6a7c27658e191b006450d3ed771e6b67521f3c13024c3d4113f983a5467c117e9a53ee03aa47bc748c4a6fefe9a4900ba249b2a207f726b310deebf1a372491fdc9a92779d360686282b92525b47c5bff34f04fea2cb458bf5e336fa4e71b07dbaf06c390d7fa02e886bb28bd5983450000000049454e44ae426082),
	(49, '23232323', 4, 'jungkook', '123', 'dsds@gmail.com', '949257277', 'nicolle', 'Fernandez', NULL, NULL, 'activo', '2024-11-24 23:53:11', '2024-11-24 23:53:11', _binary 0x89504e470d0a1a0a0000000d49484452000000c8000000c8010300000097963cdd00000006504c5445ffffff00000055c2d37e000000097048597300000ec400000ec401952b0e1b000000f4494441545885e596c11185200c44d7f1c0911228c5d2b4344aa1048e1c1cf309097c9dd106422e4cf2bcb0264b80cfd84922c15dc0969ce6973d12e5c2c9178022dcd9726791847ae34a9a06b5742e35cf7392a18e79027029cd49fa2cf00775ea5fa6c408e9fee6cb42efce679edca2f501dec204110ddac1af1995957b832dc01a6909d5533b1e4c28632a824027541d8aa1a0fb9b39a21a84ac8dbe121ddb6c846d9dfdedafceb1c96018233dbc5a3837457cf89e79b26b61bce84db16c918812bc930f0df0dc6acc90406327ef4e2e7f7b422216c044c22ea9fbe8f0b73c19d159f06aebed35a36290dcfdeda9c134e4337e135a9b69a77391900000000049454e44ae426082),
	(50, '09876543', 4, 'jin', '123', 'uyuyu@hotmail.com', '949257277', 'Daleska', 'Fernandez', NULL, NULL, 'activo', '2024-11-25 04:47:29', '2024-11-25 04:47:29', _binary 0x89504e470d0a1a0a0000000d49484452000000c8000000c8010300000097963cdd00000006504c5445ffffff00000055c2d37e000000097048597300000ec400000ec401952b0e1b000000fb494441545885e596b11183300c45c551b864048fc268309a47f1082e5d7076a46fe12417b280f41bce7a347ca42f13fdd5d187328546b4e7a0e7668fa4f1c179ab443d51b8700e1649e42f66020fb8742d7c2e3ec974c73c219252f649ee59901778ea1fa6c408b9f36dab4b7f4e3ef3e443e8037a9209323cc043b659afabf486448039c291c644b5675a47a0375f043f1d0dd053acd20ea8d923511ae18c45ad58bb9099f11ec8109f0a6c517764166c12d6a6117e491214f2440e2dbcb759b34a121cd0a99f1efce49b0512fbb893639b21c96f0f1c12dc54759b992675e6dbb91767446701534fd866275fe30c92996fdcf1df1eb8217ff502dadf71b3797a68100000000049454e44ae426082),
	(51, '45678912', 4, 'V', '1234', 'ERER@GMAIL.COM', '949257277', 'Daleska', 'Fernandez', NULL, NULL, 'activo', '2024-11-25 05:04:01', '2024-11-25 05:04:01', _binary 0x89504e470d0a1a0a0000000d49484452000000c8000000c8010300000097963cdd00000006504c5445ffffff00000055c2d37e000000097048597300000ec400000ec401952b0e1b000000ff494441545885e596cb0d85201045af71c1d2122885d2b4344aa104972c8cf3e60344135f03c3dde870d870333fe0af763215841b4825b4f8f647b23db86c15a08c70691c3c92c82f66a21ef0d1b5707cce49863bee092047654ed26b412e70d57f548913d2fbdb5617faee7ceec9439a07f8920b621ee847a619d55572435a80370244ba40473ce53f15aca30ae62112d834638372ac9c0e473a6d9171457609445adbac55f2420c998770fa731ebcdda15e18be4897ee2e64d7882a2622d6f9649a914d74754c33c41bc9ea80ede4c383d796e686441a3b79ebe4a61909dd83b43c704be831cd2623ad16b6d6d6799a1d49fb9b37f2ec6f6f0fa6217ff50377428c58b96612650000000049454e44ae426082),
	(52, '11100000', 4, 'suga', '1234', 'ttt@gmail.com', '949257277', 'Daleska', 'Fernandez', NULL, NULL, 'activo', '2024-11-25 05:16:15', '2024-11-25 05:16:15', _binary 0x89504e470d0a1a0a0000000d49484452000000c8000000c8010300000097963cdd00000006504c5445ffffff00000055c2d37e000000097048597300000ec400000ec401952b0e1b000000f3494441545885e596cd1185200c84d7f1c0911228c5d2b4344aa1048f1e9c97971f459dd106925c18f872614936009f31934543fa01534bc7fee78f54bb70cb1b401569d77df2480adf98896ac047fbc0fb3526e9eab827801cb598e4ec0549e0ae7fe91227e4f4b7bc0df4ee7ceec92db40ef0162e8869a08b4c33da46a90db10077a4966d245aca0a7d6d8c9aa0733b0c211644d411429cc6cbe2965885dbdc860832ad2914d169c6f154c77ac115e9912d81649a4d2b2291f938e8135d0dd025a9aa80fdc92f0deebf1a37a450ff937727370de2112d8018842e7f8b468e5ec8749b66e6fecec8e56fdcf50f0dc290cff803f8d2cbcd4523af930000000049454e44ae426082),
	(53, '78787878', 4, 'jhope', '1234', 'fgfgj@gmail.com', '949257277', 'Hoseok', 'Jung', NULL, NULL, 'activo', '2024-11-25 05:24:17', '2024-11-25 05:24:17', _binary 0x89504e470d0a1a0a0000000d49484452000000c8000000c8010300000097963cdd00000006504c5445ffffff00000055c2d37e000000097048597300000ec400000ec401952b0e1b000000fd494441545885e596bd0dc5200c842f4a4199111825a325a3310a235052a0f8191b9e122959c07683cc47c3e9fc037cc6411a19e102f61c467ed923493f9cb70a50426892078b24f28f9988067cd516ce8b4ff257c73c01fa55f649662df4075cf52f556284ccfeb6d585de3b9f79720bf101dec204510de4e8d38ceadabdd15b803992625d894efdf79ea144e6b61b422c88f4784e889f891d8afac016e101c63e402c7cd5651041d4075e08df893adad5863a495d618d8c101f70b499f8214396db349bafcd91a487ece44383e3b9a5992191742727d9d2b493ab060ec935a719f6629bd0ec6fa73b326a41aa1e3acd788d3348eefdeda9811bf2193f3bd59faba02627480000000049454e44ae426082),
	(54, '23344556', 4, 'jackson', '1234', 'fgfggfgdf@gmail.com', '564565556', 'luci', 'wan', NULL, NULL, 'activo', '2024-11-25 22:40:12', '2024-11-25 22:40:12', _binary 0x89504e470d0a1a0a0000000d49484452000000c8000000c8010300000097963cdd00000006504c5445ffffff00000055c2d37e000000097048597300000ec400000ec401952b0e1b00000100494441545885e596cd1184200c859fc381a325508aa5ada5510a2578e4e06c363f80ee8c36107261c2e78567f212e0353e645110bfc05662cbbffe48b60797b50294114fcda34792f8c54c5403be3a17ce8f39c950c73d01e4aacc497a2fc807dcf50f5de284747f5beb42cfcee79edc42eb004fe18298067ac834a31aa436c402fc91824040224ef86f2368054c45acd1b5e2c5e353e572d8d117194fa4f91b6b20e5c011f8cc9391e6673ac09a3a9457f2474688934b9cd205c7ddf7dc93aece98e8aa984b62152f3b390d0df2df56e38624b29ddc341027c7661acc47ae69e69e88b1d9349b8eb45ed09d1c3acdf64db71a6fe4f2b731cd9a06d390d7f8019943d00f097ea0170000000049454e44ae426082),
	(56, '12343456', 4, 'RM', '12345', 'kimujj@gmail.com', '129857465', 'Namjoon', 'Kim', NULL, NULL, 'activo', '2024-11-26 01:10:00', '2024-11-26 01:17:12', _binary 0x89504e470d0a1a0a0000000d49484452000000c8000000c8010300000097963cdd00000006504c5445ffffff00000055c2d37e000000097048597300000ec400000ec401952b0e1b000000fd494441545885e596c11584200c44c7e781232550ca96b696462994c0d183cf6c4280c5a73610e6a2f0b9309009c0abbea44a7027f049ae8e4f7b24ea8693df018a7047193b8b24f08e99140f78ea58789ce724dd1df30490a9342769b5200bb8ea1faac40869f9e6f7859e93cf3c1954ee019e6482a807e523dd8cf655ee86448035c2078c95680b19e5b4b19e7dd92ce4d2cd28869d176cf78e6e800041ce1c217355cb0f1b42d1d35444635d32feef0e9704ec91264972d171cb3df344934fba1969472f1d2e5b245137cc554fcd039e1b5f356648a0fe26af498e8f7a3021e9ddcc3a19f36d36526bc1d75897874cc9787364ccb7ab07d39057fd001ebe8983d2fa1e140000000049454e44ae426082),
	(57, '23344325', 4, 'daleskita', '1234', 'daleskita@gmail.com', '123223434', 'daleska', 'villanueva', NULL, NULL, 'activo', '2024-11-26 06:23:00', '2024-11-26 06:23:00', _binary 0x89504e470d0a1a0a0000000d49484452000000c8000000c8010300000097963cdd00000006504c5445ffffff00000055c2d37e000000097048597300000ec400000ec401952b0e1b000000f9494441545885e596bb1185201045af434068099462695a9aa550822181e3befd808f19b581e5063acb31e1ba3fe0532b9932e2052c39d6f8f24776bb709e0b403be2a971f44812df98897ac047e7c4f13126b9dd714f0039ca6392560bf20157fd4b953821adbfcd65a2f7cee79e74d23cc09b5c10f3405f32cda804c90d6901fe484620201107fcb711340386226c48cd7879eea9703a6cb045c619412ae681a4032bc8072312dd543b7766f248aa747761f134ab136e18b252ab8536cda43e0e8fc49c902dadf7a0df6adc10a9eaff96269dbc793020b9da3433b926adbf3d3d704e6a2d487f1371c3df16dd6abc91bbbf3d3c18867cea07e2e78ccb472447ad0000000049454e44ae426082),
	(58, '89898989', 4, 'daleska1', '123', 'daleska@gmail.com', '949257277', 'Daleska', 'Fernandez', NULL, NULL, 'activo', '2024-11-28 04:03:30', '2024-11-28 04:03:30', _binary 0x89504e470d0a1a0a0000000d49484452000000c8000000c8010300000097963cdd00000006504c5445ffffff00000055c2d37e000000097048597300000ec400000ec401952b0e1b000000fb494441545885e596cb1185200c45e3b86049099442695a1aa550824b168c311fc0f7466d2064a1931c36dc496e00f88c0d3532b8132066d7f2d31e497ae1ec0b0026705572679104ba3111d1804a75a1fc98930c75cc13002ee539499f053e4053ff32254648f7375f167c773ef3e427a40fe02d4c10d5407ebccdb0acdc1b6c01e688cc36ee7aef9841c8bdcd662092883ae2f1a1703ba471cc10e1d24a1a8443f7361da338662358a1f9dbad4ef3784b6484478d0add02a6215b2b8c8d3e4e9b23497f99bf5d83f4f7aa314302b637b9bc50d8c921ca6c4f48b40f84b43eb04a6e7fdb9fea18276d163c8e6db6472c06c9f0b78706d390cfb8008518c3ca45ff2dfb0000000049454e44ae426082),
	(59, '01010101', 4, 'daleska2', '123', 'daleska1@gmail.com', '949257277', 'dalesakaa', 'Fernandez', NULL, NULL, 'activo', '2024-11-28 04:07:38', '2024-11-28 04:07:38', _binary 0x89504e470d0a1a0a0000000d49484452000000c8000000c8010300000097963cdd00000006504c5445ffffff00000055c2d37e000000097048597300000ec400000ec401952b0e1b000000fe494441545885e596b10dc4200c457f9482921118e5464b46631446b8324514e26f4c94d3250b1837089e1bbeec6f03afb1d41605e1003e25d8fdf04772fb70891b5033c2aef7e09124f9b110d5409ef649eedf31c9a58e7b02f0a98c497a2f3041bafea14b9c90ee6f719beab3f3b927b7d03ac053b8204d033d38cdea36b3366801ee484e34b6558a5c2b1e3313aceb0721800ef1452c4d04625af73777c42c2d91306fae1484310cb13a1041c089ded57148ae8866e1ad2886228b3de8fea6d34cbbde23c9aa40dfd25483ee7cde48aab6934f3727570dc6235a008d34c1dc12d1c0fc6dfd57c739b15e88b686739ac91ae7905cfe26e4578361c86b9c2cf66a7e235a16710000000049454e44ae426082),
	(60, '51515151', 4, 'daleska3', '123', 'daleska3@gmail.com', '72727272', 'daleska3', 'fernandez', NULL, NULL, 'activo', '2024-11-28 04:15:49', '2024-11-28 04:15:49', _binary 0x89504e470d0a1a0a0000000d49484452000000c8000000c8010300000097963cdd00000006504c5445ffffff00000055c2d37e000000097048597300000ec400000ec401952b0e1b00000102494441545885e597bb1184300c44c51038a404974269509a4b7109840e3ce8b4b2e03ec335206dc2d84f8977f483e8af361eaa944ea2b5263b9ffe48190fae4b23e242a9eb397924595e2c443d90ab3ec9f988496e77dc13225cd598e4aa050448d53f54891372f5b7a54dfcdcf9dc930f691ed0935c90e1817e30cdb8cdc80db40077a4e43633de3ce636cd1aa0733b0c6124b9553d4b98a4c36e79e08b10658cb13d336a5b3423e2084530cd3a597f33777c925b4a441dd1b6b20521a3f3c11d1e135deb5d7df3468a3a809d9c2f0fe87bab714332db4eae1b0a3af976d7425c32e498e00f6c4cb3f50846ac16165bc3659aedb2c63924effe76fe781086fcd50b3dd4a6072ff53af20000000049454e44ae426082),
	(61, '61616161', 4, 'daleska4', '123', 'daleska4@gmail.com', '82828282', 'daleska4', 'fernandez', NULL, NULL, 'activo', '2024-11-28 04:25:02', '2024-11-28 04:25:02', _binary 0x89504e470d0a1a0a0000000d49484452000000c8000000c8010300000097963cdd00000006504c5445ffffff00000055c2d37e000000097048597300000ec400000ec401952b0e1b000000fe494441545885e597b10dc4200c457f4441c9088c72a3e546631446a0a488e2b3314189945bc076139947c397fded007f63278d8a78029f1a677eda23451f5c5307a8201e238f1649e61733191af0d1b171de7c92a58e7902c851f549ae5e900bdcf52f5d62845cfe96fa46efce679edc62d401dec204510dc647a619f520b52116608f5404e227a74138914f832702e41e749ab14025772e872f74b45923baaee4c644b240ee8878bca843eda60eb704cc9115695af88171ed7444f679b026fa9870ea07c648190ac896c69bead4a03cb61a332493eee43727d7cb0e896e692e88fc814d7f6bcec8ec85346d5da6d9727f5364f91bd7c1530337e46ffc003cfa475411f9f6e30000000049454e44ae426082),
	(62, '67676767', 4, 'nicolle1', '123', 'nicolle@gmail.com', '12346667', 'nicolle', 'villanueva', NULL, NULL, 'activo', '2024-11-28 04:30:07', '2024-11-28 04:30:07', _binary 0x89504e470d0a1a0a0000000d49484452000000c8000000c8010300000097963cdd00000006504c5445ffffff00000055c2d37e000000097048597300000ec400000ec401952b0e1b00000100494441545885e597c11185200c44d7f1c0d1122885d2b4344aa1048f1c1cf29380a8f3b581900b131e1762d88dc067ac5423c1152024d7f2628fc47ae1b4648022dca1b9b3483cdf9889d680b78e89f37d4cd2ab639e00b295c624e75b9003fcea5f5e891172eadb92277a573ef3e416da07780b13a4d640177133cab3f4864880350234035b9424ccb7ef3c0a09ad3abbf441f45917ad8e39c2d726dafc5e7d5b1231b5321011373bc0d9a33a16490f9d5d38b8fdd7c148553e71336aff25e7697324d68567f27a44c42e3ca63433c4539dc92f2517b1c3984427d5cbcd0c9382a66f5bf8ab8e71d2de82cee45037db788c3348babee5ee66ad06c390cff801a8ae754b428a56ec0000000049454e44ae426082),
	(63, '72727272', 4, 'daleska5', '123', 'daleska5@gmail.com', '12312321', 'daleska5', 'fernandez', NULL, NULL, 'activo', '2024-11-28 04:46:21', '2024-11-28 04:46:21', _binary 0x89504e470d0a1a0a0000000d49484452000000c8000000c8010300000097963cdd00000006504c5445ffffff00000055c2d37e000000097048597300000ec400000ec401952b0e1b000000f7494441545885ed97c11184200c45bfe381a32550ca96a6a5510a2578e4e0984d02883ba30d249b0bc2cb850ff941e03556aa91114ee093439b9ff648aa1bce4b0128211c3a0f1649e41d33510d78e99878befb24973ae609204bd927e9b520095cf50f556284747f5bca44cfce679edc42ef019ec204a91ae820dd8cca2c77432cc01c49b25fdae20e3d6dcc674bf34422b56ec6638a8513361609f6085d96c6091cb35e0c570488faa9fe36d4517fb3465ae8db854304f9ecc1135989863adacd7ab63992eaa06ff2a6c1fafb4a3343e4c68f579a38399f36f027d6c9e56fde48ab05ad7a6837ebbdde1819fe26ffdb770ddc90d7f802d3dfcc6c8f6ef1b80000000049454e44ae426082),
	(64, '03030303', 4, 'dales', '123', 'dales@gmail.com', '234534567', 'dales', 'fer', NULL, NULL, 'activo', '2024-11-28 05:33:18', '2024-11-28 05:33:18', _binary 0x89504e470d0a1a0a0000000d49484452000000c8000000c8010300000097963cdd00000006504c5445ffffff00000055c2d37e000000097048597300000ec400000ec401952b0e1b000000fe494441545885e597bd0d85300c840f51a464848cc2688fd1324a46a04c8130fe49f29080051c37287c341ce7b3013eeb475619e104d61ceaf9f44792bd705e0a4009e1d073f04822bf3113d5806f1d139ff7314957c73d01e4561e93b45e9007b8eb5fbac40969f9b69489de93cf3db995fa006fe58298067a91694665166f4804b82309980988c407feda10d27b7b1412a9663cfb20c5c276d856db5d9c1136b96ab057a3cf441bcc21c3105bd96477a1a60e0f76f823bdd4075c07da841b8658f2e93483fd974800ee1e8929613b79d580c97dab71436ef9f64f72d5603ca2065062e59af469f6d0c039a9bda03e804db3958a43d2f3eda1c130e4b32e605463752e0d18e00000000049454e44ae426082),
	(69, '00000000', 4, 'bodoque', '123', 'bodoque@gmail.com', '12456765', 'bodoque', 'mmm', NULL, NULL, 'activo', '2024-11-28 07:12:43', '2024-11-28 07:12:43', _binary 0x89504e470d0a1a0a0000000d49484452000000c8000000c8010300000097963cdd00000006504c5445ffffff00000055c2d37e000000097048597300000ec400000ec401952b0e1b000000f0494441545885e597bb1184300c449771e090125cca9576571aa5b80442070c3a7d0c9819684052c2c8cf098bb412c06b7cc9a222efc0a7e69eeffec8622f5ce706d082bc699e3d92c26fcc4435e0a36de27c8d494e75dc13408e6a4c72f4825ce0ae7fe81227e4f0b7b94df4ec7ceec9105a07780a17c434d0874c336a496a432cc01fb1222fc4097f6d24b9b02212e1b396541df5f8d2b81c7e3ec987e8d28023513c025dd9441deefabb6eee88c5cc5d2f0620820423d734a3fe5fb27b258b2a203bb95d310dc6adc60d2974eee4778f8f48744b8b40a408467f8b447a2fa83ae8d34c469b3b32fadb5d8330e435feed1449bbeea112970000000049454e44ae426082),
	(96, '74568923', 4, 'pedro.garcia', 'test123', 'pedro.garcia@test.com', '952500853', 'Pedro', 'Garcia', '1994-06-15', NULL, 'activo', '2024-12-02 16:52:51', '2024-12-02 16:52:51', NULL),
	(98, '73214569', 4, 'mario.diaz', 'test123', 'mario.diaz@test.com', '949257277', 'Mario', 'Diaz', '1993-04-10', NULL, 'activo', '2024-12-02 16:55:47', '2024-12-02 16:55:47', NULL),
	(99, '45457675', 4, 'luciana', '123', 'luciana@gmail.com', '978546386', 'luciana', 'martes', NULL, NULL, 'activo', '2024-12-02 19:27:19', '2024-12-02 19:27:19', _binary 0x89504e470d0a1a0a0000000d49484452000000c8000000c8010300000097963cdd00000006504c5445ffffff00000055c2d37e000000097048597300000ec400000ec401952b0e1b000000fd494441545885e597bd1185201084d73120a4044ba1342d8d5228c190c011ef0fe7bd511b382e61f02361bddb55e0b3d6a655104e209560fbd31fc97ae1122bd032c221fbe0912c746322a2013d3a26daef63925b1df704e047654cd267810fd0d4bf4c8913d2fd2dd6a9bd3b9f7bf253d207782b1744359085d3acd5997b832dc01f9117bcc1de366635f47324a221be8aa5b5bc546987c6ea38237c5fea032c7d9c671224ed1890f4441775b664c7bc11ad481bee004eb3647d300851e7933483fe97745ddc91ac4bd134130dd6ffaf343784a6ba77bc393911d1603c2289ded3cc3bb9fdeda1817362b310cdec24cd2ceb7d91dbdf1e1a0c433eeb02e4d164f95fc92d900000000049454e44ae426082),
	(100, '23568475', 4, 'brenda', '123', 'paolaal@gmail.com', '949257277', 'Brenda', 'Paolin', NULL, NULL, 'activo', '2024-12-02 19:47:09', '2024-12-02 19:47:09', _binary 0x89504e470d0a1a0a0000000d49484452000000c8000000c8010300000097963cdd00000006504c5445ffffff00000055c2d37e000000097048597300000ec400000ec401952b0e1b000000fe494441545885e596bb1184300c44977140e8125c0aa541692ec525103a60d049f207ee0e1a909578e447c25ad20a788d954a24cc27b0a4b9e6a73d12cb0f279f018a980fcd678b24f01f33510df8ea9838dfc7245d1df30490ab342669bd201f70d73f748911d2e69bcf133d4f3ef3e4165a07780a13a468a087b8196527b52123c01a014276c487264b829377f6fadae390f2e849128a2173396ca8d6668be848a32d90f43687a3e148ef0531b0aa0e454ff6480f5f47b8b8d9b2030391b55e7447efba9823b11ca9b8996ab07e6f696648a0ba93eb8622939c896a30326975609834375bfe34304e6a2ff89b9bf11a67905cf3edda5d7e27b971f21a1f9c4f70c7f4adddab0000000049454e44ae426082),
	(101, '23568499', 4, 'sergia', '123', 'sergia12@gmail.com', '949257277', 'Sergia ', 'Villanueva', NULL, NULL, 'activo', '2024-12-02 19:53:43', '2024-12-02 19:54:46', _binary 0x89504e470d0a1a0a0000000d49484452000000c8000000c8010300000097963cdd00000006504c5445ffffff00000055c2d37e000000097048597300000ec400000ec401952b0e1b00000102494441545885e596cb1184201044dbe2c0d11008c5d034344221048f1c2cc7f980e5d66a02c31c760b1f179a667a80cf5ac9aa209ec052625b9ffe48b60397b90294110f5d478f24f18999a806fce99878bd8f496e75dc13403e9531497f0bb2815ffdcb2b71427a7f9beb44ef9dcf3d7994fa006fe5829806fa276946358837a405b82359ce4b1b9ae311e49ee73bb74720fdd2d5009453653b6c68d1e68ab0016a2020ed6d4fa0e188b5b49e66a60e65f58137d24b67172e49b3650706228f348349d53b813ba2bf3a93db16d3e039d5b821896c2637fb4b275f496f7b40623eb0348377d2d36cf9d3c039696f41d581a5198f710ec9dddfd8f1bf1a0c433eeb021c2a155b1fac68460000000049454e44ae426082),
	(102, '22364585', 4, 'memo', '123', 'ricardo234@gmail.com', '910427431', 'Toni', 'Toni', NULL, NULL, 'activo', '2024-12-02 22:12:50', '2024-12-06 04:51:23', _binary 0x89504e470d0a1a0a0000000d49484452000000c8000000c8010300000097963cdd00000006504c5445ffffff00000055c2d37e000000097048597300000ec400000ec401952b0e1b000000f8494441545885e596bd1183300c851f47e1d223300aa385d118c523b874c145d18f4dc80516905498933f1a3f3f49061ee3451605e90dac25f5fced8fec76e0921b403bd2a179f248163e3113d580b78e89f31a939ceab827806c959864d482fcc0557f53254ec8e86fb94d74dff9dc934ba80f70172e8869a01f9966d466f186b4007f442e1858c86e1bb3dc73561fc4213d2aa4c72f8dedb07926db69f49913b603021176808c721960bc983a6485e18ef4c8dd0f87e8528140a4fb80f4fda6d36ce8e28eecf629b2760df0fbaa714316b23739d1b7939b06f188f9200261ab8f69b6d660a4d782bec9719d73dec8d9dffe3408431ee303fa99a80078cde3670000000049454e44ae426082),
	(103, '12121212', 4, 'mayra', '123', 'mayra123@gmail.com', '949257277', 'maayra', 'chire', NULL, NULL, 'activo', '2024-12-03 22:22:38', '2024-12-03 22:23:21', _binary 0x89504e470d0a1a0a0000000d49484452000000c8000000c8010300000097963cdd00000006504c5445ffffff00000055c2d37e000000097048597300000ec400000ec401952b0e1b000000fa494441545885e597cb1184200c86e370e068099462695a1aa55002470e8ed93c00dd59b7812417063e2efefc7908f03776d428102f80adc4bebfec91ac1f5cd6068019e229fb689124fa6222a2011d9d0bedab4f32d5314f00f8a8f8242317f80265fd4b961821a3bead6dc1f7ca679e3c427c006f6182a806b27037c316d81b5c02ac117a6008486b773c04bde08a406a411422c7634e8ded90b5b55923401ae091eabdb973db0961fbebec82531d54871823236476a1e06eb655f044767d76ea66d8ff4b2eab248b02634a130df6ef29cd0c493867f251c9f5b243a23ed06e564d93bb9b1dee48cf85f5d1da64763147667dfbd1c00df91b1ff5af8bad8398c9730000000049454e44ae426082),
	(104, '98878675', 4, 'marco', '123', 'marco12@gmail.com', '949257277', 'MARCO', 'MARIN', NULL, NULL, 'activo', '2024-12-07 03:23:49', '2024-12-07 03:24:37', _binary 0x89504e470d0a1a0a0000000d49484452000000c8000000c8010300000097963cdd00000006504c5445ffffff00000055c2d37e000000097048597300000ec400000ec401952b0e1b000000fb494441545885e596cd1184200c85e378e068099662696c699442091e3938c6fcc1aeb3da40920b133e2e3c9247005e23a3468574026c35597efa23452f5c97068005d22179f24856ba3111d180b68e89f23d2619eab82700bc556392de0b7c80bafea14b9c90ee6f4b9bf0d9f9dc939f903a80a77041540359f837c336736db0057823f4c072e375074de6d1058188553c70ad97b551397c3693ca19a16b2369d0db7996835607314846b1759d5d6eea7823236476a190df6c0945325a2f98d9a571da1d29ba54fdcd44837c9fd2dc10ea6a99c9bba5f13befa24164d2ebc03119fef6a7817362bdd0cd8e7e33f2f8e6907cfd6dc2bb0661c86b5cd0bb75eb9e43924d0000000049454e44ae426082);

/*!40103 SET TIME_ZONE=IFNULL(@OLD_TIME_ZONE, 'system') */;
/*!40101 SET SQL_MODE=IFNULL(@OLD_SQL_MODE, '') */;
/*!40014 SET FOREIGN_KEY_CHECKS=IFNULL(@OLD_FOREIGN_KEY_CHECKS, 1) */;
/*!40101 SET CHARACTER_SET_CLIENT=@OLD_CHARACTER_SET_CLIENT */;
/*!40111 SET SQL_NOTES=IFNULL(@OLD_SQL_NOTES, 1) */;
